DATE,DFF,REPO,T10Y2Y,SP500,USD
1/3/17,0.66,287.236,1.23,2257.83,119.0881
1/4/17,0.66,266.468,1.22,2270.75,118.8785
1/5/17,0.66,233.43,1.2,2269,117.9987
1/6/17,0.66,209.205,1.2,2276.98,118.3476
1/7/17,0.66,#N/A,#N/A,#N/A,#N/A
1/8/17,0.66,#N/A,#N/A,#N/A,#N/A
1/9/17,0.66,191.97,1.17,2268.9,118.4089
1/10/17,0.66,180.715,1.19,2268.9,118.5365
1/11/17,0.66,158.82,1.18,2275.32,119.0197
1/12/17,0.66,141.218,1.18,2270.44,117.7984
1/13/17,0.66,88.201,1.19,2274.64,117.9865
1/14/17,0.66,#N/A,#N/A,#N/A,#N/A
1/15/17,0.66,#N/A,#N/A,#N/A,#N/A
1/16/17,0.66,.,.,.,.
1/17/17,0.66,96.798,1.16,2267.89,117.2644
1/18/17,0.66,130.118,1.19,2271.89,117.7232
1/19/17,0.66,138.637,1.22,2263.69,118.3174
1/20/17,0.66,148.785,1.28,2271.31,.
1/21/17,0.66,#N/A,#N/A,#N/A,#N/A
1/22/17,0.66,#N/A,#N/A,#N/A,#N/A
1/23/17,0.66,156.316,1.25,2265.2,117.2477
1/24/17,0.66,110.193,1.26,2280.07,117.0513
1/25/17,0.66,108.36,1.3,2298.37,116.9353
1/26/17,0.66,94.67,1.3,2296.68,117.2761
1/27/17,0.66,108.772,1.27,2294.69,117.0725
1/28/17,0.66,#N/A,#N/A,#N/A,#N/A
1/29/17,0.66,#N/A,#N/A,#N/A,#N/A
1/30/17,0.66,101.514,1.27,2280.9,116.7311
1/31/17,0.56,180.162,1.26,2278.87,116.2235
2/1/17,0.66,133.73,1.26,2279.55,116.391
2/2/17,0.66,111.12,1.27,2280.85,115.902
2/3/17,0.66,117.361,1.28,2297.42,115.6244
2/4/17,0.66,#N/A,#N/A,#N/A,#N/A
2/5/17,0.66,#N/A,#N/A,#N/A,#N/A
2/6/17,0.66,125.66,1.26,2292.56,116.0489
2/7/17,0.66,131.659,1.24,2293.08,116.4069
2/8/17,0.66,122.934,1.19,2294.67,116.1371
2/9/17,0.66,83.894,1.2,2307.87,116.3044
2/10/17,0.66,74.169,1.21,2316.1,116.1461
2/11/17,0.66,#N/A,#N/A,#N/A,#N/A
2/12/17,0.66,#N/A,#N/A,#N/A,#N/A
2/13/17,0.66,98.103,1.23,2328.25,116.3407
2/14/17,0.66,87.998,1.22,2337.58,116.3925
2/15/17,0.66,105.123,1.24,2349.25,116.2139
2/16/17,0.66,104.978,1.23,2347.22,116.0046
2/17/17,0.66,147.243,1.21,2351.16,116.4014
2/18/17,0.66,#N/A,#N/A,#N/A,#N/A
2/19/17,0.66,#N/A,#N/A,#N/A,#N/A
2/20/17,0.66,.,.,.,.
2/21/17,0.66,163.259,1.21,2365.38,116.59
2/22/17,0.66,177.833,1.2,2362.82,116.2112
2/23/17,0.66,187.176,1.2,2363.81,115.6503
2/24/17,0.66,160.882,1.19,2367.34,115.8119
2/25/17,0.66,#N/A,#N/A,#N/A,#N/A
2/26/17,0.66,#N/A,#N/A,#N/A,#N/A
2/27/17,0.66,153.382,1.16,2369.75,115.6739
2/28/17,0.57,204.651,1.14,2363.64,116.0011
3/1/17,0.66,156.01,1.17,2395.96,116.4353
3/2/17,0.66,168.142,1.17,2381.92,116.84
3/3/17,0.66,193.272,1.17,2383.12,116.6408
3/4/17,0.66,#N/A,#N/A,#N/A,#N/A
3/5/17,0.66,#N/A,#N/A,#N/A,#N/A
3/6/17,0.66,205.21,1.18,2375.31,116.4283
3/7/17,0.66,208.765,1.2,2368.39,116.4272
3/8/17,0.66,212.124,1.21,2362.98,116.8719
3/9/17,0.66,217.831,1.23,2364.87,116.9931
3/10/17,0.66,233.046,1.22,2372.6,116.6132
3/11/17,0.66,#N/A,#N/A,#N/A,#N/A
3/12/17,0.66,#N/A,#N/A,#N/A,#N/A
3/13/17,0.66,232.962,1.22,2373.47,116.3978
3/14/17,0.66,200.798,1.2,2365.45,116.5618
3/15/17,0.66,226.51,1.18,2385.26,116.3555
3/16/17,0.91,209.114,1.18,2381.38,115.4432
3/17/17,0.91,240.669,1.17,2378.25,115.276
3/18/17,0.91,#N/A,#N/A,#N/A,#N/A
3/19/17,0.91,#N/A,#N/A,#N/A,#N/A
3/20/17,0.91,235.827,1.17,2373.47,115.0402
3/21/17,0.91,237.331,1.16,2344.02,114.8099
3/22/17,0.91,251.013,1.13,2348.45,114.7917
3/23/17,0.91,231.463,1.15,2345.96,114.7881
3/24/17,0.91,200.237,1.14,2343.98,114.6352
3/25/17,0.91,#N/A,#N/A,#N/A,#N/A
3/26/17,0.91,#N/A,#N/A,#N/A,#N/A
3/27/17,0.91,215.473,1.11,2341.59,114.2332
3/28/17,0.91,224.475,1.12,2358.57,114.4173
3/29/17,0.91,260.357,1.13,2361.13,114.7141
3/30/17,0.91,224.134,1.14,2368.06,114.5218
3/31/17,0.82,346.853,1.13,2362.72,114.7914
4/1/17,0.82,#N/A,#N/A,#N/A,#N/A
4/2/17,0.82,#N/A,#N/A,#N/A,#N/A
4/3/17,0.91,233.582,1.11,2358.84,114.8707
4/4/17,0.91,207.711,1.11,2360.16,115.0011
4/5/17,0.91,174.644,1.1,2352.95,114.9468
4/6/17,0.91,117.337,1.1,2357.49,115.0155
4/7/17,0.91,117.774,1.09,2355.54,115.0515
4/8/17,0.91,#N/A,#N/A,#N/A,#N/A
4/9/17,0.91,#N/A,#N/A,#N/A,#N/A
4/10/17,0.91,120.504,1.08,2357.16,115.1068
4/11/17,0.91,114.753,1.08,2353.78,115.0061
4/12/17,0.91,105.528,1.04,2344.93,114.9133
4/13/17,0.91,.,1.03,2328.95,114.5029
4/14/17,0.91,.,.,.,114.5339
4/15/17,0.91,#N/A,#N/A,#N/A,#N/A
4/16/17,0.91,#N/A,#N/A,#N/A,#N/A
4/17/17,0.91,64.37,1.05,2349.01,114.3257
4/18/17,0.91,109.402,1,2342.19,114.2559
4/19/17,0.91,116.567,1.02,2338.17,114.7914
4/20/17,0.91,128.726,1.03,2355.84,114.6198
4/21/17,0.91,136.521,1.04,2348.69,114.8118
4/22/17,0.91,#N/A,#N/A,#N/A,#N/A
4/23/17,0.91,#N/A,#N/A,#N/A,#N/A
4/24/17,0.91,118.667,1.03,2374.15,114.3652
4/25/17,0.91,116.956,1.06,2388.61,114.5113
4/26/17,0.91,122.323,1.04,2387.45,114.948
4/27/17,0.91,127.826,1.05,2388.77,114.9951
4/28/17,0.83,181.976,1.01,2384.2,114.7882
4/29/17,0.83,#N/A,#N/A,#N/A,#N/A
4/30/17,0.83,#N/A,#N/A,#N/A,#N/A
5/1/17,0.91,162.198,1.05,2388.33,114.5924
5/2/17,0.91,183.851,1.02,2391.17,114.6797
5/3/17,0.91,186.667,1.03,2388.13,114.664
5/4/17,0.91,152.793,1.04,2389.52,114.9084
5/5/17,0.91,156.789,1.04,2399.29,114.7734
5/6/17,0.91,#N/A,#N/A,#N/A,#N/A
5/7/17,0.91,#N/A,#N/A,#N/A,#N/A
5/8/17,0.91,162.58,1.06,2399.38,115.0903
5/9/17,0.91,167.302,1.05,2396.92,115.3938
5/10/17,0.91,187.269,1.06,2399.63,115.1146
5/11/17,0.91,161.232,1.04,2394.44,115.0669
5/12/17,0.91,167.696,1.04,2390.9,114.7479
5/13/17,0.91,#N/A,#N/A,#N/A,#N/A
5/14/17,0.91,#N/A,#N/A,#N/A,#N/A
5/15/17,0.91,144.99,1.03,2402.32,114.3504
5/16/17,0.91,157.693,1.04,2400.67,113.9924
5/17/17,0.91,167.158,0.96,2357.03,113.7512
5/18/17,0.91,185.287,0.96,2365.72,114.2701
5/19/17,0.91,182.273,0.95,2381.73,113.7014
5/20/17,0.91,#N/A,#N/A,#N/A,#N/A
5/21/17,0.91,#N/A,#N/A,#N/A,#N/A
5/22/17,0.91,185.031,0.96,2394.02,113.5456
5/23/17,0.91,198.865,0.98,2398.42,113.6874
5/24/17,0.91,184.946,0.97,2404.39,113.6757
5/25/17,0.91,153.451,0.95,2415.07,113.3726
5/26/17,0.91,168.041,0.95,2415.82,113.4838
5/27/17,0.91,#N/A,#N/A,#N/A,#N/A
5/28/17,0.91,#N/A,#N/A,#N/A,#N/A
5/29/17,0.91,.,.,.,.
5/30/17,0.91,182.065,0.93,2412.91,113.5557
5/31/17,0.83,256.176,0.93,2411.8,113.2962
6/1/17,0.91,163.755,0.93,2430.06,113.302
6/2/17,0.91,170.496,0.87,2439.07,113.1915
6/3/17,0.91,#N/A,#N/A,#N/A,#N/A
6/4/17,0.91,#N/A,#N/A,#N/A,#N/A
6/5/17,0.91,164.208,0.86,2436.1,112.9761
6/6/17,0.91,160.949,0.84,2429.33,112.7099
6/7/17,0.91,165.138,0.86,2433.14,112.8197
6/8/17,0.91,151.582,0.86,2433.79,112.8354
6/9/17,0.91,155.344,0.86,2431.77,112.9556
6/10/17,0.91,#N/A,#N/A,#N/A,#N/A
6/11/17,0.91,#N/A,#N/A,#N/A,#N/A
6/12/17,0.91,152.198,0.86,2429.39,112.9831
6/13/17,0.91,172.973,0.83,2440.35,112.6261
6/14/17,0.91,163.056,0.8,2437.92,112.0727
6/15/17,1.16,131.378,0.81,2432.46,112.8699
6/16/17,1.16,158.566,0.84,2433.15,112.6145
6/17/17,1.16,#N/A,#N/A,#N/A,#N/A
6/18/17,1.16,#N/A,#N/A,#N/A,#N/A
6/19/17,1.16,166.745,0.83,2453.46,112.7563
6/20/17,1.16,192.347,0.8,2437.03,113.2685
6/21/17,1.16,198.769,0.8,2435.61,113.3318
6/22/17,1.16,195.144,0.81,2434.5,113.1642
6/23/17,1.16,201.475,0.81,2438.3,112.8657
6/24/17,1.16,#N/A,#N/A,#N/A,#N/A
6/25/17,1.16,#N/A,#N/A,#N/A,#N/A
6/26/17,1.16,185.227,0.78,2439.07,112.7623
6/27/17,1.16,212.664,0.83,2419.38,112.5494
6/28/17,1.16,263.699,0.88,2440.69,112.0744
6/29/17,1.16,269.565,0.89,2419.7,111.9981
6/30/17,1.06,398.875,0.93,2423.41,111.9897
7/1/17,1.06,#N/A,#N/A,#N/A,#N/A
7/2/17,1.06,#N/A,#N/A,#N/A,#N/A
7/3/17,1.16,255.693,0.94,2429.01,112.4268
7/4/17,1.16,.,.,.,.
7/5/17,1.16,240.029,0.92,2432.54,112.6534
7/6/17,1.16,189.992,0.97,2409.75,112.42
7/7/17,1.16,189.214,0.99,2425.18,112.3132
7/8/17,1.16,#N/A,#N/A,#N/A,#N/A
7/9/17,1.16,#N/A,#N/A,#N/A,#N/A
7/10/17,1.16,189.721,0.98,2427.43,112.158
7/11/17,1.16,173.774,1,2425.53,112.1427
7/12/17,1.16,179.172,0.98,2443.25,111.5892
7/13/17,1.16,162.379,0.98,2447.83,111.5352
7/14/17,1.16,136.231,0.98,2459.27,110.9066
7/15/17,1.16,#N/A,#N/A,#N/A,#N/A
7/16/17,1.16,#N/A,#N/A,#N/A,#N/A
7/17/17,1.16,122.436,0.95,2459.14,110.9296
7/18/17,1.16,157.322,0.91,2460.61,110.4349
7/19/17,1.16,144.731,0.9,2473.83,110.4329
7/20/17,1.16,126.676,0.9,2473.45,110.2504
7/21/17,1.16,122.712,0.88,2472.54,110.1902
7/22/17,1.16,#N/A,#N/A,#N/A,#N/A
7/23/17,1.16,#N/A,#N/A,#N/A,#N/A
7/24/17,1.16,95.123,0.89,2469.91,110.1998
7/25/17,1.16,74.54,0.93,2477.13,110.2831
7/26/17,1.16,103.311,0.93,2477.83,110.3805
7/27/17,1.16,95.636,0.96,2475.42,110.2154
7/28/17,1.16,108.479,0.96,2472.1,109.9197
7/29/17,1.16,#N/A,#N/A,#N/A,#N/A
7/30/17,1.16,#N/A,#N/A,#N/A,#N/A
7/31/17,1.07,204.622,0.96,2470.3,109.8181
8/1/17,1.16,98.069,0.92,2476.35,109.8498
8/2/17,1.16,119.334,0.91,2477.57,109.7508
8/3/17,1.16,87.844,0.9,2472.16,109.8336
8/4/17,1.16,93.778,0.91,2476.83,110.2807
8/5/17,1.16,#N/A,#N/A,#N/A,#N/A
8/6/17,1.16,#N/A,#N/A,#N/A,#N/A
8/7/17,1.16,104.061,0.9,2480.91,110.373
8/8/17,1.16,103.612,0.93,2474.92,110.3956
8/9/17,1.16,103.95,0.91,2474.02,110.367
8/10/17,1.16,90.273,0.87,2438.21,110.1884
8/11/17,1.16,95.534,0.89,2441.32,110.0421
8/12/17,1.16,#N/A,#N/A,#N/A,#N/A
8/13/17,1.16,#N/A,#N/A,#N/A,#N/A
8/14/17,1.16,74.682,0.89,2465.84,110.0947
8/15/17,1.16,71.382,0.92,2464.61,110.4839
8/16/17,1.16,92.84,0.9,2468.11,110.4385
8/17/17,1.16,78.582,0.87,2430.01,110.1666
8/18/17,1.16,129.105,0.86,2425.55,110.04
8/19/17,1.16,#N/A,#N/A,#N/A,#N/A
8/20/17,1.16,#N/A,#N/A,#N/A,#N/A
8/21/17,1.16,144.1,0.86,2428.37,109.7342
8/22/17,1.16,166.094,0.89,2452.51,109.8373
8/23/17,1.16,169.793,0.85,2444.04,109.8082
8/24/17,1.16,130.879,0.86,2438.97,109.7511
8/25/17,1.16,122.167,0.82,2443.05,109.3405
8/26/17,1.16,#N/A,#N/A,#N/A,#N/A
8/27/17,1.16,#N/A,#N/A,#N/A,#N/A
8/28/17,1.16,121.947,0.83,2444.24,109.181
8/29/17,1.16,127.243,0.8,2446.3,109.0944
8/30/17,1.16,146.086,0.82,2457.59,109.4047
8/31/17,1.07,213.486,0.79,2471.65,109.3676
9/1/17,1.16,124.952,0.81,2476.55,109.0492
9/2/17,1.16,#N/A,#N/A,#N/A,#N/A
9/3/17,1.16,#N/A,#N/A,#N/A,#N/A
9/4/17,1.16,.,.,.,.
9/5/17,1.16,136.131,0.77,2457.85,108.8654
9/6/17,1.16,145.128,0.8,2465.54,108.4885
9/7/17,1.16,126.607,0.78,2465.1,107.9211
9/8/17,1.16,113.842,0.79,2461.43,107.8071
9/9/17,1.16,#N/A,#N/A,#N/A,#N/A
9/10/17,1.16,#N/A,#N/A,#N/A,#N/A
9/11/17,1.16,115.972,0.82,2488.11,108.1518
9/12/17,1.16,127.019,0.84,2496.48,108.3233
9/13/17,1.16,125.668,0.85,2498.37,108.6618
9/14/17,1.16,97.564,0.83,2495.62,108.6175
9/15/17,1.16,109.645,0.81,2500.23,108.315
9/16/17,1.16,#N/A,#N/A,#N/A,#N/A
9/17/17,1.16,#N/A,#N/A,#N/A,#N/A
9/18/17,1.16,138.909,0.83,2503.87,108.6402
9/19/17,1.16,156.728,0.84,2506.65,108.6147
9/20/17,1.16,168.025,0.83,2508.24,108.4336
9/21/17,1.16,152.866,0.82,2500.6,108.9274
9/22/17,1.16,157.33,0.8,2502.22,108.7548
9/23/17,1.16,#N/A,#N/A,#N/A,#N/A
9/24/17,1.16,#N/A,#N/A,#N/A,#N/A
9/25/17,1.16,158.503,0.78,2496.66,109.3307
9/26/17,1.16,173.715,0.79,2496.84,109.7772
9/27/17,1.16,220.083,0.84,2507.04,110.0726
9/28/17,1.16,208.936,0.86,2510.06,110.2425
9/29/17,1.06,316.09,0.86,2519.36,110.0876
9/30/17,1.06,#N/A,#N/A,#N/A,#N/A
10/1/17,1.06,#N/A,#N/A,#N/A,#N/A
10/2/17,1.16,190.377,0.85,2529.12,110.3688
10/3/17,1.16,181.605,0.86,2534.58,110.3284
10/4/17,1.16,178.738,0.86,2537.74,110.2427
10/5/17,1.16,132.827,0.86,2552.07,110.5821
10/6/17,1.16,119.529,0.83,2549.33,110.7839
10/7/17,1.16,#N/A,#N/A,#N/A,#N/A
10/8/17,1.16,#N/A,#N/A,#N/A,#N/A
10/9/17,1.16,.,.,2544.73,.
10/10/17,1.16,121.913,0.84,2550.64,110.3037
10/11/17,1.16,129.805,0.84,2555.24,110.3042
10/12/17,1.16,102.807,0.82,2550.93,110.3156
10/13/17,1.16,99.961,0.77,2553.17,110.2678
10/14/17,1.16,#N/A,#N/A,#N/A,#N/A
10/15/17,1.16,#N/A,#N/A,#N/A,#N/A
10/16/17,1.16,78.531,0.76,2557.64,110.5443
10/17/17,1.16,91.188,0.76,2559.36,110.9149
10/18/17,1.16,121.457,0.75,2561.26,110.7218
10/19/17,1.16,102.612,0.75,2562.1,110.4583
10/20/17,1.16,102.488,0.79,2575.21,111.0382
10/21/17,1.16,#N/A,#N/A,#N/A,#N/A
10/22/17,1.16,#N/A,#N/A,#N/A,#N/A
10/23/17,1.16,110.26,0.8,2564.98,111.2144
10/24/17,1.16,97.202,0.82,2569.13,111.4036
10/25/17,1.16,112.057,0.83,2557.15,111.3921
10/26/17,1.16,98.412,0.83,2560.4,111.643
10/27/17,1.16,105.903,0.83,2581.07,112.1504
10/28/17,1.16,#N/A,#N/A,#N/A,#N/A
10/29/17,1.16,#N/A,#N/A,#N/A,#N/A
10/30/17,1.16,102.147,0.79,2572.83,111.9022
10/31/17,1.07,173.605,0.78,2575.26,111.8068
11/1/17,1.16,87.165,0.76,2579.36,111.7955
11/2/17,1.16,58.758,0.74,2579.85,111.5479
11/3/17,1.16,60.915,0.71,2587.84,111.9388
11/4/17,1.16,#N/A,#N/A,#N/A,#N/A
11/5/17,1.16,#N/A,#N/A,#N/A,#N/A
11/6/17,1.16,70.365,0.71,2591.13,111.7203
11/7/17,1.16,58.971,0.69,2590.64,111.9453
11/8/17,1.16,74.546,0.67,2594.38,111.6938
11/9/17,1.16,46.378,0.7,2584.62,111.5632
11/10/17,1.16,39.671,0.73,2582.3,.
11/11/17,1.16,#N/A,#N/A,#N/A,#N/A
11/12/17,1.16,#N/A,#N/A,#N/A,#N/A
11/13/17,1.16,35.243,0.7,2584.84,111.784
11/14/17,1.16,32.219,0.7,2578.87,111.5107
11/15/17,1.16,35.038,0.65,2564.62,111.4822
11/16/17,1.16,20.709,0.65,2585.64,111.2579
11/17/17,1.16,38.838,0.62,2578.85,111.0028
11/18/17,1.16,#N/A,#N/A,#N/A,#N/A
11/19/17,1.16,#N/A,#N/A,#N/A,#N/A
11/20/17,1.16,34.576,0.6,2582.14,111.261
11/21/17,1.16,42.899,0.59,2599.03,110.9836
11/22/17,1.16,51.634,0.58,2597.08,110.5642
11/23/17,1.16,.,.,.,.
11/24/17,1.16,40.488,0.59,2602.42,110.0266
11/25/17,1.16,#N/A,#N/A,#N/A,#N/A
11/26/17,1.16,#N/A,#N/A,#N/A,#N/A
11/27/17,1.16,39.381,0.58,2601.42,110.1149
11/28/17,1.16,50.834,0.59,2627.04,110.3027
11/29/17,1.16,67.019,0.59,2626.07,110.3281
11/30/17,1.07,102.719,0.64,2647.58,110.4669
12/1/17,1.16,59.03,0.59,2642.22,110.1432
12/2/17,1.16,#N/A,#N/A,#N/A,#N/A
12/3/17,1.16,#N/A,#N/A,#N/A,#N/A
12/4/17,1.16,72.389,0.57,2639.44,110.3984
12/5/17,1.16,68.297,0.53,2629.57,110.4917
12/6/17,1.16,76.368,0.55,2629.27,110.8724
12/7/17,1.16,63.552,0.57,2636.98,111.0196
12/8/17,1.16,82.714,0.58,2651.5,111.2288
12/9/17,1.16,#N/A,#N/A,#N/A,#N/A
12/10/17,1.16,#N/A,#N/A,#N/A,#N/A
12/11/17,1.16,107.473,0.57,2659.99,111.0843
12/12/17,1.17,119.09,0.57,2664.11,111.523
12/13/17,1.17,143.392,0.57,2662.85,111.2777
12/14/17,1.41,107.679,0.53,2652.01,111.0914
12/15/17,1.41,80.206,0.51,2675.81,111.1302
12/16/17,1.41,#N/A,#N/A,#N/A,#N/A
12/17/17,1.41,#N/A,#N/A,#N/A,#N/A
12/18/17,1.42,117.276,0.55,2690.16,110.9107
12/19/17,1.42,112.628,0.59,2681.47,111.1277
12/20/17,1.42,127.582,0.62,2679.25,110.8384
12/21/17,1.42,116.978,0.59,2684.57,110.8806
12/22/17,1.42,113.852,0.57,2683.34,111.1018
12/23/17,1.42,#N/A,#N/A,#N/A,#N/A
12/24/17,1.42,#N/A,#N/A,#N/A,#N/A
12/25/17,1.42,.,.,.,.
12/26/17,1.42,119.456,0.55,2680.5,110.9779
12/27/17,1.42,147.749,0.53,2682.62,110.8576
12/28/17,1.42,158.478,0.52,2687.54,110.5178
12/29/17,1.33,319.595,0.51,2673.61,110.0808
12/30/17,1.33,#N/A,#N/A,#N/A,#N/A
12/31/17,1.33,#N/A,#N/A,#N/A,#N/A
1/1/18,1.33,.,.,.,.
1/2/18,1.42,136.967,0.54,2695.81,109.6469
1/3/18,1.42,131.622,0.5,2713.06,109.6775
1/4/18,1.42,76.624,0.5,2723.99,109.4802
1/5/18,1.42,63.804,0.51,2743.15,109.3517
1/6/18,1.42,#N/A,#N/A,#N/A,#N/A
1/7/18,1.42,#N/A,#N/A,#N/A,#N/A
1/8/18,1.42,63.531,0.53,2747.71,109.57
1/9/18,1.42,56.468,0.57,2751.29,109.9044
1/10/18,1.42,57.954,0.57,2748.23,109.6299
1/11/18,1.42,33.597,0.56,2767.56,109.491
1/12/18,1.42,21.59,0.56,2786.24,108.9035
1/13/18,1.42,#N/A,#N/A,#N/A,#N/A
1/14/18,1.42,#N/A,#N/A,#N/A,#N/A
1/15/18,1.42,.,.,.,.
1/16/18,1.42,22.003,0.51,2776.42,108.3244
1/17/18,1.42,20.548,0.52,2802.56,108.155
1/18/18,1.42,22.804,0.57,2798.03,108.068
1/19/18,1.42,22.196,0.58,2810.3,107.9478
1/20/18,1.42,#N/A,#N/A,#N/A,#N/A
1/21/18,1.42,#N/A,#N/A,#N/A,#N/A
1/22/18,1.42,28.706,0.58,2832.97,108.1094
1/23/18,1.42,31.791,0.57,2839.13,108.0007
1/24/18,1.42,36.371,0.57,2837.54,107.0828
1/25/18,1.42,19.891,0.55,2839.25,106.5079
1/26/18,1.42,21.427,0.53,2872.87,106.6935
1/27/18,1.42,#N/A,#N/A,#N/A,#N/A
1/28/18,1.42,#N/A,#N/A,#N/A,#N/A
1/29/18,1.42,23.98,0.59,2853.53,107.1165
1/30/18,1.42,31.766,0.6,2822.43,107.1089
1/31/18,1.34,65.797,0.58,2823.81,106.7722
2/1/18,1.42,31.825,0.62,2821.98,106.4903
2/2/18,1.42,43.931,0.69,2762.13,107.1181
2/3/18,1.42,#N/A,#N/A,#N/A,#N/A
2/4/18,1.42,#N/A,#N/A,#N/A,#N/A
2/5/18,1.42,59.008,0.69,2648.94,107.333
2/6/18,1.42,49.214,0.69,2695.14,107.5233
2/7/18,1.42,48.12,0.69,2681.66,107.7198
2/8/18,1.42,33.272,0.72,2581,108.3049
2/9/18,1.42,36.567,0.78,2619.55,108.2605
2/10/18,1.42,#N/A,#N/A,#N/A,#N/A
2/11/18,1.42,#N/A,#N/A,#N/A,#N/A
2/12/18,1.42,30.631,0.77,2656,108.0358
2/13/18,1.42,43.137,0.73,2662.94,107.7602
2/14/18,1.42,38.518,0.74,2698.63,107.472
2/15/18,1.42,29.08,0.71,2731.2,106.9897
2/16/18,1.42,29.615,0.66,2732.22,107.0387
2/17/18,1.42,#N/A,#N/A,#N/A,#N/A
2/18/18,1.42,#N/A,#N/A,#N/A,#N/A
2/19/18,1.42,.,.,.,.
2/20/18,1.42,32.495,0.63,2716.26,107.6276
2/21/18,1.42,45.171,0.68,2701.33,107.8707
2/22/18,1.42,36.32,0.67,2703.96,107.8696
2/23/18,1.42,15.875,0.63,2747.3,107.6829
2/24/18,1.42,#N/A,#N/A,#N/A,#N/A
2/25/18,1.42,#N/A,#N/A,#N/A,#N/A
2/26/18,1.42,9.36,0.64,2779.6,107.7373
2/27/18,1.42,19.729,0.63,2744.28,108.1757
2/28/18,1.35,44.51,0.62,2713.83,108.3928
3/1/18,1.42,14.334,0.59,2677.67,108.5384
3/2/18,1.42,15.642,0.61,2691.25,.
3/3/18,1.42,#N/A,#N/A,#N/A,#N/A
3/4/18,1.42,#N/A,#N/A,#N/A,#N/A
3/5/18,1.42,15.23,0.64,2720.94,108.3648
3/6/18,1.42,11.205,0.63,2728.12,107.8002
3/7/18,1.42,14.295,0.64,2726.8,108.0947
3/8/18,1.42,6.963,0.61,2738.97,108.2702
3/9/18,1.42,3.247,0.63,2786.57,107.9259
3/10/18,1.42,#N/A,#N/A,#N/A,#N/A
3/11/18,1.42,#N/A,#N/A,#N/A,#N/A
3/12/18,1.42,1.77,0.6,2783.02,107.9467
3/13/18,1.42,2.145,0.58,2765.31,107.7417
3/14/18,1.42,4.97,0.55,2749.48,107.8655
3/15/18,1.43,3.746,0.53,2747.33,108.2064
3/16/18,1.43,10.28,0.54,2752.01,108.4364
3/17/18,1.43,#N/A,#N/A,#N/A,#N/A
3/18/18,1.43,#N/A,#N/A,#N/A,#N/A
3/19/18,1.43,7.82,0.54,2712.92,108.3179
3/20/18,1.44,11.95,0.55,2716.94,108.4985
3/21/18,1.44,20.586,0.58,2711.93,.
3/22/18,1.68,11.592,0.54,2643.69,107.9965
3/23/18,1.68,10.45,0.54,2588.26,107.7526
3/24/18,1.68,#N/A,#N/A,#N/A,#N/A
3/25/18,1.68,#N/A,#N/A,#N/A,#N/A
3/26/18,1.68,5.921,0.52,2658.55,107.1851
3/27/18,1.68,9.62,0.52,2612.62,107.3391
3/28/18,1.68,17.898,0.49,2605,107.5763
3/29/18,1.68,.,0.47,2640.87,107.6678
3/30/18,1.67,.,.,.,107.4811
3/31/18,1.67,#N/A,#N/A,#N/A,#N/A
4/1/18,1.67,#N/A,#N/A,#N/A,#N/A
4/2/18,1.68,3.823,0.48,2581.88,107.7059
4/3/18,1.69,8.695,0.51,2614.45,107.5648
4/4/18,1.69,4.57,0.51,2644.69,107.6387
4/5/18,1.69,4.645,0.53,2662.84,107.7304
4/6/18,1.69,4.895,0.5,2604.47,107.7912
4/7/18,1.69,#N/A,#N/A,#N/A,#N/A
4/8/18,1.69,#N/A,#N/A,#N/A,#N/A
4/9/18,1.69,4.07,0.49,2613.16,107.534
4/10/18,1.69,3.99,0.48,2656.87,107.3679
4/11/18,1.69,2.361,0.47,2642.19,107.1244
4/12/18,1.69,4.12,0.49,2663.99,107.2924
4/13/18,1.69,3.471,0.45,2656.3,107.2386
4/14/18,1.69,#N/A,#N/A,#N/A,#N/A
4/15/18,1.69,#N/A,#N/A,#N/A,#N/A
4/16/18,1.69,3.372,0.44,2677.84,107.0616
4/17/18,1.69,3.971,0.41,2706.39,107.0362
4/18/18,1.69,14.021,0.45,2708.64,107.1118
4/19/18,1.69,13.92,0.48,2693.13,107.5219
4/20/18,1.7,12.02,0.5,2670.14,108.181
4/21/18,1.7,#N/A,#N/A,#N/A,#N/A
4/22/18,1.7,#N/A,#N/A,#N/A,#N/A
4/23/18,1.7,10.821,0.49,2670.29,108.9357
4/24/18,1.7,9.532,0.52,2634.56,108.7932
4/25/18,1.7,3.57,0.54,2639.4,109.3473
4/26/18,1.7,3.795,0.51,2666.94,109.3668
4/27/18,1.7,2.92,0.47,2669.91,109.1755
4/28/18,1.7,#N/A,#N/A,#N/A,#N/A
4/29/18,1.7,#N/A,#N/A,#N/A,#N/A
4/30/18,1.69,13.83,0.46,2648.05,109.3381
5/1/18,1.7,3.82,0.47,2654.8,109.7461
5/2/18,1.7,6.52,0.48,2635.67,110.1641
5/3/18,1.7,5.775,0.45,2629.73,110.1821
5/4/18,1.7,5.415,0.44,2663.42,110.2516
5/5/18,1.7,#N/A,#N/A,#N/A,#N/A
5/6/18,1.7,#N/A,#N/A,#N/A,#N/A
5/7/18,1.7,3.22,0.46,2672.63,110.5738
5/8/18,1.7,3.921,0.46,2671.92,111.0647
5/9/18,1.7,2.72,0.46,2697.79,110.8832
5/10/18,1.7,4.645,0.43,2723.07,110.4064
5/11/18,1.7,3.222,0.43,2727.72,110.2863
5/12/18,1.7,#N/A,#N/A,#N/A,#N/A
5/13/18,1.7,#N/A,#N/A,#N/A,#N/A
5/14/18,1.7,3.859,0.45,2730.13,110.4098
5/15/18,1.7,2.095,0.5,2711.45,111.231
5/16/18,1.7,2.545,0.51,2722.46,111.3083
5/17/18,1.7,1.896,0.54,2720.13,111.3562
5/18/18,1.7,9.12,0.51,2712.97,111.7188
5/19/18,1.7,#N/A,#N/A,#N/A,#N/A
5/20/18,1.7,#N/A,#N/A,#N/A,#N/A
5/21/18,1.7,5.404,0.48,2733.01,111.6411
5/22/18,1.7,3.951,0.47,2724.44,111.1958
5/23/18,1.7,2.929,0.48,2733.29,111.6943
5/24/18,1.7,6.62,0.48,2727.76,111.4896
5/25/18,1.7,0.02,0.45,2721.33,111.5852
5/26/18,1.7,#N/A,#N/A,#N/A,#N/A
5/27/18,1.7,#N/A,#N/A,#N/A,#N/A
5/28/18,1.7,.,.,.,.
5/29/18,1.7,0.88,0.45,2689.86,112.2132
5/30/18,1.7,3.92,0.42,2724.01,111.6741
5/31/18,1.7,21.475,0.43,2705.27,111.9906
6/1/18,1.7,12.546,0.42,2734.62,111.8279
6/2/18,1.7,#N/A,#N/A,#N/A,#N/A
6/3/18,1.7,#N/A,#N/A,#N/A,#N/A
6/4/18,1.7,11.166,0.42,2746.87,111.8261
6/5/18,1.7,6.635,0.43,2748.8,112.2657
6/6/18,1.7,16.772,0.45,2772.35,111.7546
6/7/18,1.7,5.771,0.43,2770.37,112.0751
6/8/18,1.7,2.771,0.43,2779.03,112.1087
6/9/18,1.7,#N/A,#N/A,#N/A,#N/A
6/10/18,1.7,#N/A,#N/A,#N/A,#N/A
6/11/18,1.7,4.836,0.44,2782,112.1127
6/12/18,1.7,1.308,0.42,2786.85,112.216
6/13/18,1.7,3.025,0.39,2775.63,112.2599
6/14/18,1.9,2.935,0.35,2782.49,112.861
6/15/18,1.9,0.27,0.38,2779.66,113.3398
6/16/18,1.9,#N/A,#N/A,#N/A,#N/A
6/17/18,1.9,#N/A,#N/A,#N/A,#N/A
6/18/18,1.9,0.37,0.36,2773.75,113.4919
6/19/18,1.91,0.195,0.35,2762.59,113.6408
6/20/18,1.92,0.32,0.37,2767.32,113.4804
6/21/18,1.92,1.37,0.34,2749.76,113.6131
6/22/18,1.92,1.43,0.34,2754.88,113.3069
6/23/18,1.92,#N/A,#N/A,#N/A,#N/A
6/24/18,1.92,#N/A,#N/A,#N/A,#N/A
6/25/18,1.92,12.73,0.33,2717.07,113.2886
6/26/18,1.92,10.385,0.35,2723.06,113.304
6/27/18,1.91,20.68,0.31,2699.63,113.8994
6/28/18,1.91,20.419,0.32,2716.31,113.8427
6/29/18,1.91,96.97,0.33,2718.37,113.2611
6/30/18,1.91,#N/A,#N/A,#N/A,#N/A
7/1/18,1.91,#N/A,#N/A,#N/A,#N/A
7/2/18,1.91,32.139,0.3,2726.71,114.1699
7/3/18,1.91,4.852,0.3,2713.22,113.3244
7/4/18,1.91,.,.,.,.
7/5/18,1.91,8.205,0.29,2736.61,112.9783
7/6/18,1.91,4.195,0.29,2759.82,112.6453
7/7/18,1.91,#N/A,#N/A,#N/A,#N/A
7/8/18,1.91,#N/A,#N/A,#N/A,#N/A
7/9/18,1.91,3.596,0.29,2784.17,112.645
7/10/18,1.91,1.955,0.28,2793.84,112.5818
7/11/18,1.91,1.23,0.27,2774.02,112.8608
7/12/18,1.91,2.455,0.25,2798.29,112.7815
7/13/18,1.91,0.871,0.24,2801.31,113.0731
7/14/18,1.91,#N/A,#N/A,#N/A,#N/A
7/15/18,1.91,#N/A,#N/A,#N/A,#N/A
7/16/18,1.91,0.87,0.26,2798.43,112.8464
7/17/18,1.91,1.22,0.24,2809.55,113.153
7/18/18,1.91,6.021,0.28,2815.62,113.3374
7/19/18,1.91,3.62,0.24,2804.49,113.949
7/20/18,1.91,1.17,0.29,2801.83,113.324
7/21/18,1.91,#N/A,#N/A,#N/A,#N/A
7/22/18,1.91,#N/A,#N/A,#N/A,#N/A
7/23/18,1.91,2.27,0.32,2806.98,113.4274
7/24/18,1.91,4.895,0.32,2820.4,113.2069
7/25/18,1.91,0.72,0.28,2846.07,112.9241
7/26/18,1.91,1.571,0.29,2837.44,112.9198
7/27/18,1.91,1.47,0.29,2818.82,112.8144
7/28/18,1.91,#N/A,#N/A,#N/A,#N/A
7/29/18,1.91,#N/A,#N/A,#N/A,#N/A
7/30/18,1.91,1.995,0.32,2802.6,112.6066
7/31/18,1.91,9.045,0.29,2816.29,112.732
8/1/18,1.91,0.795,0.33,2813.36,112.8919
8/2/18,1.91,1.817,0.32,2827.22,113.1696
8/3/18,1.91,1.673,0.32,2840.35,113.0135
8/4/18,1.91,#N/A,#N/A,#N/A,#N/A
8/5/18,1.91,#N/A,#N/A,#N/A,#N/A
8/6/18,1.91,2.095,0.3,2850.4,113.2302
8/7/18,1.91,2.337,0.3,2858.45,112.9773
8/8/18,1.91,1.659,0.28,2857.7,113.1424
8/9/18,1.91,1.745,0.29,2853.58,113.3818
8/10/18,1.91,2.47,0.26,2833.28,114.3012
8/11/18,1.91,#N/A,#N/A,#N/A,#N/A
8/12/18,1.91,#N/A,#N/A,#N/A,#N/A
8/13/18,1.91,1.383,0.27,2821.93,114.8519
8/14/18,1.91,0.685,0.26,2839.96,114.6586
8/15/18,1.91,0.315,0.25,2818.37,115.1533
8/16/18,1.92,0.532,0.24,2840.69,114.6424
8/17/18,1.92,4.016,0.26,2850.13,114.5347
8/18/18,1.92,#N/A,#N/A,#N/A,#N/A
8/19/18,1.92,#N/A,#N/A,#N/A,#N/A
8/20/18,1.92,1.646,0.22,2857.05,114.3514
8/21/18,1.92,1.466,0.24,2862.96,113.8617
8/22/18,1.92,1.126,0.22,2861.82,113.6646
8/23/18,1.92,2.416,0.21,2856.98,114.0949
8/24/18,1.92,4.665,0.19,2874.69,113.6003
8/25/18,1.92,#N/A,#N/A,#N/A,#N/A
8/26/18,1.92,#N/A,#N/A,#N/A,#N/A
8/27/18,1.92,0.996,0.18,2896.74,113.2739
8/28/18,1.92,1.415,0.21,2897.52,113.3465
8/29/18,1.92,0.84,0.22,2914.04,113.6483
8/30/18,1.92,0.985,0.22,2901.13,114.092
8/31/18,1.91,0.39,0.24,2901.52,114.2775
9/1/18,1.91,#N/A,#N/A,#N/A,#N/A
9/2/18,1.91,#N/A,#N/A,#N/A,#N/A
9/3/18,1.91,.,.,.,.
9/4/18,1.92,0.595,0.24,2896.72,114.8605
9/5/18,1.92,0.01,0.24,2888.6,114.7501
9/6/18,1.92,0.815,0.24,2878.05,114.6501
9/7/18,1.92,0.015,0.23,2871.68,114.5833
9/8/18,1.92,#N/A,#N/A,#N/A,#N/A
9/9/18,1.92,#N/A,#N/A,#N/A,#N/A
9/10/18,1.92,0.015,0.21,2877.13,114.682
9/11/18,1.92,1.241,0.22,2887.89,114.7071
9/12/18,1.92,1.315,0.23,2888.92,114.221
9/13/18,1.92,1.791,0.21,2904.18,113.9289
9/14/18,1.92,1.315,0.21,2904.98,114.068
9/15/18,1.92,#N/A,#N/A,#N/A,#N/A
9/16/18,1.92,#N/A,#N/A,#N/A,#N/A
9/17/18,1.92,0.715,0.21,2888.8,113.918
9/18/18,1.92,10.115,0.24,2904.31,113.776
9/19/18,1.92,8.915,0.27,2907.95,113.6552
9/20/18,1.92,17.868,0.26,2930.75,113.5012
9/21/18,1.92,17.465,0.26,2929.67,113.5122
9/22/18,1.92,#N/A,#N/A,#N/A,#N/A
9/23/18,1.92,#N/A,#N/A,#N/A,#N/A
9/24/18,1.93,9.34,0.25,2919.37,113.5326
9/25/18,1.93,3.44,0.27,2915.56,113.723
9/26/18,1.93,5.625,0.23,2905.97,113.6764
9/27/18,2.18,30.056,0.23,2914,113.9807
9/28/18,2.18,48.43,0.24,2913.98,113.8094
9/29/18,2.18,#N/A,#N/A,#N/A,#N/A
9/30/18,2.18,#N/A,#N/A,#N/A,#N/A
10/1/18,2.18,4.185,0.27,2924.59,113.8247
10/2/18,2.18,3.295,0.23,2923.43,113.8965
10/3/18,2.18,2.954,0.3,2925.51,114.1579
10/4/18,2.18,3.265,0.32,2901.61,114.6879
10/5/18,2.18,1.565,0.35,2885.57,114.5621
10/6/18,2.18,#N/A,#N/A,#N/A,#N/A
10/7/18,2.18,#N/A,#N/A,#N/A,#N/A
10/8/18,2.18,.,.,2884.43,.
10/9/18,2.18,2.39,0.33,2880.34,114.659
10/10/18,2.18,2.39,0.34,2785.68,114.6083
10/11/18,2.18,2.016,0.29,2728.37,114.4086
10/12/18,2.18,0.96,0.3,2767.13,114.3703
10/13/18,2.18,#N/A,#N/A,#N/A,#N/A
10/14/18,2.18,#N/A,#N/A,#N/A,#N/A
10/15/18,2.18,0.366,0.31,2750.79,114.0462
10/16/18,2.18,0.466,0.29,2809.92,113.8974
10/17/18,2.19,0.174,0.3,2809.21,114.1764
10/18/18,2.19,10.29,0.3,2768.78,114.8174
10/19/18,2.19,3.916,0.28,2767.78,114.858
10/20/18,2.19,#N/A,#N/A,#N/A,#N/A
10/21/18,2.19,#N/A,#N/A,#N/A,#N/A
10/22/18,2.19,3.189,0.28,2755.88,115.1794
10/23/18,2.2,4.466,0.28,2740.69,115.1664
10/24/18,2.2,6.444,0.26,2656.1,115.3763
10/25/18,2.2,1.944,0.28,2705.57,115.4838
10/26/18,2.2,2.004,0.27,2658.69,115.4737
10/27/18,2.2,#N/A,#N/A,#N/A,#N/A
10/28/18,2.2,#N/A,#N/A,#N/A,#N/A
10/29/18,2.2,1.748,0.27,2641.25,115.8947
10/30/18,2.2,0.715,0.28,2682.63,116.2368
10/31/18,2.2,4.815,0.28,2711.74,116.5291
11/1/18,2.2,4.64,0.3,2740.37,115.8667
11/2/18,2.19,1.51,0.31,2723.06,115.6439
11/3/18,2.19,#N/A,#N/A,#N/A,#N/A
11/4/18,2.19,#N/A,#N/A,#N/A,#N/A
11/5/18,2.2,1.465,0.29,2738.31,115.704
11/6/18,2.2,2.54,0.29,2755.45,115.5633
11/7/18,2.2,1.875,0.26,2813.89,115.2531
11/8/18,2.2,1.166,0.26,2806.83,115.649
11/9/18,2.19,0.401,0.25,2781.01,116.4789
11/10/18,2.19,#N/A,#N/A,#N/A,#N/A
11/11/18,2.19,#N/A,#N/A,#N/A,#N/A
11/12/18,2.19,.,.,2726.22,.
11/13/18,2.2,1.065,0.25,2722.18,116.6704
11/14/18,2.2,0.66,0.26,2701.58,116.4991
11/15/18,2.2,0.494,0.25,2730.2,116.3874
11/16/18,2.2,18.565,0.27,2736.27,115.9271
11/17/18,2.2,#N/A,#N/A,#N/A,#N/A
11/18/18,2.2,#N/A,#N/A,#N/A,#N/A
11/19/18,2.2,16.295,0.27,2690.73,115.9877
11/20/18,2.2,15.235,0.27,2641.89,116.2383
11/21/18,2.2,16.205,0.25,2649.93,116.0937
11/22/18,2.2,.,.,.,.
11/23/18,2.2,13.105,0.24,2632.56,116.4729
11/24/18,2.2,#N/A,#N/A,#N/A,#N/A
11/25/18,2.2,#N/A,#N/A,#N/A,#N/A
11/26/18,2.2,0.615,0.23,2673.45,116.6225
11/27/18,2.2,0.44,0.23,2682.17,116.9017
11/28/18,2.2,1.464,0.25,2743.79,116.8359
11/29/18,2.2,1.814,0.22,2737.76,116.1981
11/30/18,2.2,2.49,0.21,2760.17,116.4147
12/1/18,2.2,#N/A,#N/A,#N/A,#N/A
12/2/18,2.2,#N/A,#N/A,#N/A,#N/A
12/3/18,2.19,2.21,0.15,2790.37,115.907
12/4/18,2.2,.,0.11,2700.06,116.004
12/5/18,2.2,.,.,.,.
12/6/18,2.2,3.36,0.12,2695.95,116.4011
12/7/18,2.19,5.635,0.13,2633.08,116.0866
12/8/18,2.19,#N/A,#N/A,#N/A,#N/A
12/9/18,2.19,#N/A,#N/A,#N/A,#N/A
12/10/18,2.2,1.424,0.13,2637.72,116.6765
12/11/18,2.19,0.352,0.11,2636.78,116.7581
12/12/18,2.19,0.461,0.14,2651.07,116.223
12/13/18,2.19,0.415,0.16,2650.54,116.3993
12/14/18,2.19,0.315,0.16,2599.95,116.7916
12/15/18,2.19,#N/A,#N/A,#N/A,#N/A
12/16/18,2.19,#N/A,#N/A,#N/A,#N/A
12/17/18,2.2,0.415,0.16,2545.94,116.4549
12/18/18,2.2,6.216,0.17,2546.16,116.4148
12/19/18,2.2,5.982,0.14,2506.96,116.0698
12/20/18,2.4,9.521,0.12,2467.42,116.0205
12/21/18,2.4,8.805,0.16,2416.62,116.2248
12/22/18,2.4,#N/A,#N/A,#N/A,#N/A
12/23/18,2.4,#N/A,#N/A,#N/A,#N/A
12/24/18,2.4,7.96,0.19,2351.1,116.2204
12/25/18,2.4,.,.,.,.
12/26/18,2.4,1.005,0.2,2467.7,116.1183
12/27/18,2.4,3.1,0.21,2488.83,115.9948
12/28/18,2.4,3.21,0.2,2485.74,115.7253
12/29/18,2.4,#N/A,#N/A,#N/A,#N/A
12/30/18,2.4,#N/A,#N/A,#N/A,#N/A
12/31/18,2.4,41.848,0.21,2506.85,115.5695
1/1/19,2.4,.,.,.,.
1/2/19,2.4,19.481,0.16,2510.03,115.7681
1/3/19,2.4,7.198,0.17,2447.89,115.4621
1/4/19,2.4,2.86,0.17,2531.94,114.9822
1/5/19,2.4,#N/A,#N/A,#N/A,#N/A
1/6/19,2.4,#N/A,#N/A,#N/A,#N/A
1/7/19,2.4,2.786,0.17,2549.69,114.5631
1/8/19,2.4,2.811,0.15,2574.41,114.7281
1/9/19,2.4,2.537,0.18,2584.96,114.1407
1/10/19,2.4,2.216,0.18,2596.64,114.0487
1/11/19,2.4,2.016,0.16,2596.26,114.0384
1/12/19,2.4,#N/A,#N/A,#N/A,#N/A
1/13/19,2.4,#N/A,#N/A,#N/A,#N/A
1/14/19,2.4,1.205,0.18,2582.61,.
1/15/19,2.4,2.016,0.19,2610.3,114.3363
1/16/19,2.4,1.316,0.18,2616.1,114.1331
1/17/19,2.4,2.065,0.19,2635.96,114.4083
1/18/19,2.4,13.165,0.17,2670.71,114.5547
1/19/19,2.4,#N/A,#N/A,#N/A,#N/A
1/20/19,2.4,#N/A,#N/A,#N/A,#N/A
1/21/19,2.4,.,.,.,.
1/22/19,2.4,10.465,0.16,2632.9,114.7516
1/23/19,2.4,11.415,0.18,2638.7,114.5741
1/24/19,2.4,15.06,0.16,2642.33,114.6134
1/25/19,2.4,1.515,0.16,2664.76,114.0168
1/26/19,2.4,#N/A,#N/A,#N/A,#N/A
1/27/19,2.4,#N/A,#N/A,#N/A,#N/A
1/28/19,2.4,1.265,0.15,2643.85,114.0497
1/29/19,2.4,1.84,0.16,2640,114.0225
1/30/19,2.4,0.99,0.18,2681.05,114.0702
1/31/19,2.4,1.051,0.18,2704.1,113.5472
2/1/19,2.4,0.665,0.18,2706.53,113.7529
2/2/19,2.4,#N/A,#N/A,#N/A,#N/A
2/3/19,2.4,#N/A,#N/A,#N/A,#N/A
2/4/19,2.4,4.515,0.2,2724.87,113.8742
2/5/19,2.4,1.686,0.18,2737.7,114.0402
2/6/19,2.4,1.926,0.18,2731.61,114.2271
2/7/19,2.4,2.32,0.17,2706.05,114.4304
2/8/19,2.4,2.016,0.18,2707.88,114.4965
2/9/19,2.4,#N/A,#N/A,#N/A,#N/A
2/10/19,2.4,#N/A,#N/A,#N/A,#N/A
2/11/19,2.4,2.006,0.17,2709.8,115.028
2/12/19,2.4,1.658,0.18,2744.73,114.7271
2/13/19,2.4,1.697,0.18,2753.03,114.9375
2/14/19,2.4,1.341,0.16,2745.73,115.0975
2/15/19,2.4,5.271,0.14,2775.6,114.9889
2/16/19,2.4,#N/A,#N/A,#N/A,#N/A
2/17/19,2.4,#N/A,#N/A,#N/A,#N/A
2/18/19,2.4,.,.,.,.
2/19/19,2.4,1.967,0.15,2779.76,114.5673
2/20/19,2.4,2.275,0.15,2784.7,.
2/21/19,2.4,1.725,0.16,2774.88,114.5063
2/22/19,2.4,6.665,0.17,2792.67,114.2683
2/23/19,2.4,#N/A,#N/A,#N/A,#N/A
2/24/19,2.4,#N/A,#N/A,#N/A,#N/A
2/25/19,2.4,1.375,0.16,2796.11,114.142
2/26/19,2.4,1.815,0.16,2793.9,114.0658
2/27/19,2.4,1.915,0.19,2792.38,114.0332
2/28/19,2.4,3.415,0.21,2784.49,114.1969
3/1/19,2.4,2.015,0.21,2803.69,114.5355
3/2/19,2.4,#N/A,#N/A,#N/A,#N/A
3/3/19,2.4,#N/A,#N/A,#N/A,#N/A
3/4/19,2.4,2.917,0.17,2792.81,114.6904
3/5/19,2.4,3.119,0.17,2789.65,114.8017
3/6/19,2.4,2.115,0.17,2771.45,114.9704
3/7/19,2.4,0.717,0.17,2748.93,115.4897
3/8/19,2.4,0.015,0.17,2743.07,115.3577
3/9/19,2.4,#N/A,#N/A,#N/A,#N/A
3/10/19,2.4,#N/A,#N/A,#N/A,#N/A
3/11/19,2.4,0.019,0.17,2783.3,115.2945
3/12/19,2.4,0.027,0.16,2791.52,114.9371
3/13/19,2.4,0.016,0.16,2810.92,114.7362
3/14/19,2.4,0.019,0.17,2808.48,114.7894
3/15/19,2.4,0.015,0.16,2822.48,114.5814
3/16/19,2.4,#N/A,#N/A,#N/A,#N/A
3/17/19,2.4,#N/A,#N/A,#N/A,#N/A
3/18/19,2.4,3.169,0.15,2832.94,114.4372
3/19/19,2.4,2.515,0.15,2832.57,114.2313
3/20/19,2.41,0.617,0.14,2824.23,114.1497
3/21/19,2.41,0.411,0.13,2854.88,114.167
3/22/19,2.41,5.016,0.13,2800.71,114.6841
3/23/19,2.41,#N/A,#N/A,#N/A,#N/A
3/24/19,2.41,#N/A,#N/A,#N/A,#N/A
3/25/19,2.4,0.129,0.17,2798.36,114.4156
3/26/19,2.4,0.566,0.17,2818.46,114.6398
3/27/19,2.41,0.166,0.17,2805.37,115.1232
3/28/19,2.41,0.515,0.16,2815.44,115.257
3/29/19,2.43,0.731,0.14,2834.4,115.1347
3/30/19,2.43,#N/A,#N/A,#N/A,#N/A
3/31/19,2.43,#N/A,#N/A,#N/A,#N/A
4/1/19,2.41,0.011,0.16,2867.19,114.9333
4/2/19,2.41,0.019,0.18,2867.24,115.1144
4/3/19,2.41,0.016,0.19,2873.4,114.7191
4/4/19,2.41,0.615,0.18,2879.39,114.9674
4/5/19,2.41,0.015,0.15,2892.74,114.9701
4/6/19,2.41,#N/A,#N/A,#N/A,#N/A
4/7/19,2.41,#N/A,#N/A,#N/A,#N/A
4/8/19,2.41,0.284,0.16,2895.77,114.6869
4/9/19,2.41,0.41,0.16,2878.2,114.5297
4/10/19,2.41,2.731,0.17,2888.21,114.4243
4/11/19,2.41,0.122,0.16,2888.32,114.6282
4/12/19,2.41,0.016,0.16,2907.41,114.3512
4/13/19,2.41,#N/A,#N/A,#N/A,#N/A
4/14/19,2.41,#N/A,#N/A,#N/A,#N/A
4/15/19,2.41,0.018,0.15,2905.58,114.4936
4/16/19,2.41,0.7,0.19,2907.06,114.6744
4/17/19,2.42,0.015,0.19,2900.45,114.5122
4/18/19,2.43,.,0.19,2905.03,114.7043
4/19/19,2.44,.,.,.,114.6947
4/20/19,2.44,#N/A,#N/A,#N/A,#N/A
4/21/19,2.44,#N/A,#N/A,#N/A,#N/A
4/22/19,2.44,1.117,0.21,2907.97,114.7668
4/23/19,2.44,5.69,0.21,2933.68,115.1551
4/24/19,2.44,9.515,0.21,2927.25,115.4156
4/25/19,2.44,0.61,0.21,2926.17,115.7674
4/26/19,2.44,0.915,0.23,2939.88,115.4726
4/27/19,2.44,#N/A,#N/A,#N/A,#N/A
4/28/19,2.44,#N/A,#N/A,#N/A,#N/A
4/29/19,2.45,0.615,0.24,2943.03,115.5197
4/30/19,2.45,0.015,0.24,2945.83,115.3259
5/1/19,2.45,0.027,0.21,2923.73,115.0003
5/2/19,2.41,0.023,0.2,2917.52,115.5598
5/3/19,2.4,0.01,0.21,2945.64,115.2626
5/4/19,2.4,#N/A,#N/A,#N/A,#N/A
5/5/19,2.4,#N/A,#N/A,#N/A,#N/A
5/6/19,2.4,0.067,0.2,2932.47,115.3795
5/7/19,2.4,0.961,0.17,2884.05,115.6099
5/8/19,2.39,0.021,0.19,2879.42,115.5161
5/9/19,2.38,0.516,0.19,2870.72,115.8429
5/10/19,2.38,0.271,0.21,2881.4,115.5339
5/11/19,2.38,#N/A,#N/A,#N/A,#N/A
5/12/19,2.38,#N/A,#N/A,#N/A,#N/A
5/13/19,2.38,0.111,0.22,2811.87,115.9161
5/14/19,2.38,1.37,0.22,2834.41,115.9433
5/15/19,2.4,0.46,0.21,2850.96,115.8571
5/16/19,2.39,1.75,0.2,2876.32,116.0351
5/17/19,2.39,9.7,0.19,2859.53,116.4495
5/18/19,2.39,#N/A,#N/A,#N/A,#N/A
5/19/19,2.39,#N/A,#N/A,#N/A,#N/A
5/20/19,2.39,8.105,0.2,2840.23,116.3135
5/21/19,2.39,3.705,0.17,2864.36,116.2849
5/22/19,2.38,3.751,0.16,2856.27,116.2414
5/23/19,2.38,4.93,0.19,2822.24,116.2374
5/24/19,2.38,5.956,0.16,2826.06,116.0815
5/25/19,2.38,#N/A,#N/A,#N/A,#N/A
5/26/19,2.38,#N/A,#N/A,#N/A,#N/A
5/27/19,2.38,.,.,.,.
5/28/19,2.39,1.52,0.14,2802.39,116.3184
5/29/19,2.39,2.226,0.16,2783.02,116.5537
5/30/19,2.39,1.026,0.16,2788.86,116.3983
5/31/19,2.4,0.855,0.19,2752.06,116.7282
6/1/19,2.4,#N/A,#N/A,#N/A,#N/A
6/2/19,2.4,#N/A,#N/A,#N/A,#N/A
6/3/19,2.38,1.255,0.25,2744.45,116.4785
6/4/19,2.38,1.891,0.24,2803.27,116.0928
6/5/19,2.38,2.255,0.29,2826.15,116.0319
6/6/19,2.37,2.21,0.24,2843.49,115.9808
6/7/19,2.37,1.91,0.24,2873.34,115.7409
6/8/19,2.37,#N/A,#N/A,#N/A,#N/A
6/9/19,2.37,#N/A,#N/A,#N/A,#N/A
6/10/19,2.37,2.105,0.25,2886.73,115.5027
6/11/19,2.37,1.007,0.22,2885.72,115.3816
6/12/19,2.37,1.705,0.25,2879.84,115.4401
6/13/19,2.37,1.655,0.27,2891.64,115.629
6/14/19,2.36,1.657,0.25,2886.98,115.9061
6/15/19,2.36,#N/A,#N/A,#N/A,#N/A
6/16/19,2.36,#N/A,#N/A,#N/A,#N/A
6/17/19,2.38,2.269,0.23,2889.67,115.9693
6/18/19,2.37,18.006,0.2,2917.75,115.8793
6/19/19,2.37,22.357,0.29,2926.46,115.7891
6/20/19,2.37,27.43,0.29,2954.18,114.8039
6/21/19,2.38,21.355,0.3,2950.46,114.8377
6/22/19,2.38,#N/A,#N/A,#N/A,#N/A
6/23/19,2.38,#N/A,#N/A,#N/A,#N/A
6/24/19,2.38,11.156,0.3,2945.35,114.6579
6/25/19,2.38,6.4,0.29,2917.38,114.6382
6/26/19,2.38,7.784,0.28,2913.78,114.5626
6/27/19,2.38,16.794,0.27,2924.92,114.667
6/28/19,2.4,44.307,0.25,2941.76,114.584
6/29/19,2.4,#N/A,#N/A,#N/A,#N/A
6/30/19,2.4,#N/A,#N/A,#N/A,#N/A
7/1/19,2.39,15.837,0.25,2964.33,114.7241
7/2/19,2.4,8.16,0.21,2973.01,114.8263
7/3/19,2.41,6.849,0.19,2995.82,114.8134
7/4/19,2.41,.,.,.,.
7/5/19,2.42,6.155,0.17,2990.41,115.1125
7/6/19,2.42,#N/A,#N/A,#N/A,#N/A
7/7/19,2.42,#N/A,#N/A,#N/A,#N/A
7/8/19,2.41,6.5,0.17,2975.95,115.0243
7/9/19,2.41,6.576,0.15,2979.63,115.1008
7/10/19,2.41,6.252,0.25,2993.07,115.0888
7/11/19,2.4,4.95,0.28,2999.91,114.8364
7/12/19,2.38,5.15,0.28,3013.77,114.7684
7/13/19,2.38,#N/A,#N/A,#N/A,#N/A
7/14/19,2.38,#N/A,#N/A,#N/A,#N/A
7/15/19,2.4,5.557,0.26,3014.3,114.6818
7/16/19,2.41,3.007,0.26,3004.04,115.0104
7/17/19,2.41,1.96,0.23,2984.42,114.8814
7/18/19,2.41,16.662,0.27,2995.11,114.8738
7/19/19,2.41,14.255,0.25,2976.61,114.8688
7/20/19,2.41,#N/A,#N/A,#N/A,#N/A
7/21/19,2.41,#N/A,#N/A,#N/A,#N/A
7/22/19,2.4,14.16,0.25,2985.03,115.0014
7/23/19,2.4,14.755,0.25,3005.47,115.2984
7/24/19,2.4,8.255,0.22,3019.56,115.2422
7/25/19,2.4,3.355,0.22,3003.67,115.2971
7/26/19,2.4,3.25,0.22,3025.86,115.5435
7/27/19,2.4,#N/A,#N/A,#N/A,#N/A
7/28/19,2.4,#N/A,#N/A,#N/A,#N/A
7/29/19,2.4,3.928,0.21,3020.97,115.5876
7/30/19,2.39,2.306,0.21,3013.18,115.6204
7/31/19,2.4,7.367,0.13,2980.38,115.4932
8/1/19,2.14,6.044,0.17,2953.56,116.0482
8/2/19,2.14,3.335,0.14,2932.05,116.1861
8/3/19,2.14,#N/A,#N/A,#N/A,#N/A
8/4/19,2.14,#N/A,#N/A,#N/A,#N/A
8/5/19,2.13,3.474,0.16,2844.74,116.589
8/6/19,2.13,3.41,0.13,2881.77,116.6941
8/7/19,2.12,3.622,0.12,2883.98,116.8038
8/8/19,2.12,3.056,0.1,2938.09,116.4778
8/9/19,2.12,2.72,0.11,2918.65,116.4455
8/10/19,2.12,#N/A,#N/A,#N/A,#N/A
8/11/19,2.12,#N/A,#N/A,#N/A,#N/A
8/12/19,2.12,5.43,0.07,2883.75,116.7587
8/13/19,2.12,5.001,0.02,2926.32,116.7296
8/14/19,2.12,2.744,0.01,2840.6,117.0932
8/15/19,2.13,3.51,0.04,2847.6,117.2249
8/16/19,2.13,11.843,0.07,2888.68,117.0792
8/17/19,2.13,#N/A,#N/A,#N/A,#N/A
8/18/19,2.13,#N/A,#N/A,#N/A,#N/A
8/19/19,2.13,13.403,0.07,2923.65,117.3905
8/20/19,2.13,15.98,0.05,2900.51,117.3743
8/21/19,2.12,15.153,0.03,2924.43,117.1781
8/22/19,2.12,14.611,0.01,2922.95,117.3581
8/23/19,2.12,9.046,0.01,2847.11,117.305
8/24/19,2.12,#N/A,#N/A,#N/A,#N/A
8/25/19,2.12,#N/A,#N/A,#N/A,#N/A
8/26/19,2.12,3.676,0,2878.38,117.6704
8/27/19,2.12,1.555,-0.04,2869.16,117.7548
8/28/19,2.12,4.255,-0.03,2887.94,117.8813
8/29/19,2.12,0.102,-0.03,2924.58,118.0667
8/30/19,2.13,12.089,0,2926.46,118.1602
8/31/19,2.13,#N/A,#N/A,#N/A,#N/A
9/1/19,2.13,#N/A,#N/A,#N/A,#N/A
9/2/19,2.13,.,.,.,.
9/3/19,2.13,1.754,0,2906.27,118.3132
9/4/19,2.13,1.425,0.04,2937.78,117.6748
9/5/19,2.13,1.075,0.02,2976,117.48
9/6/19,2.12,0.88,0.02,2978.71,117.1302
9/7/19,2.12,#N/A,#N/A,#N/A,#N/A
9/8/19,2.12,#N/A,#N/A,#N/A,#N/A
9/9/19,2.13,2.787,0.05,2978.43,117.0616
9/10/19,2.13,3.608,0.05,2979.39,117.0894
9/11/19,2.13,3.612,0.07,3000.93,117.3131
9/12/19,2.13,3.469,0.07,3009.57,116.8388
9/13/19,2.14,2.675,0.11,3007.39,116.7691
9/14/19,2.14,#N/A,#N/A,#N/A,#N/A
9/15/19,2.14,#N/A,#N/A,#N/A,#N/A
9/16/19,2.25,2.202,0.1,2997.96,117.0251
9/17/19,2.3,1.825,0.09,3005.7,116.9841
9/18/19,2.25,18.91,0.03,3006.73,116.9783
9/19/19,1.9,5.004,0.05,3006.79,117.0884
9/20/19,1.9,7.552,0.05,2992.07,117.1834
9/21/19,1.9,#N/A,#N/A,#N/A,#N/A
9/22/19,1.9,#N/A,#N/A,#N/A,#N/A
9/23/19,1.9,7.485,0.04,2991.78,117.3006
9/24/19,1.9,0.101,0.04,2966.6,117.225
9/25/19,1.9,0.133,0.05,2984.87,117.6547
9/26/19,1.85,5.18,0.04,2977.62,117.729
9/27/19,1.83,5.33,0.06,2961.79,117.7245
9/28/19,1.83,#N/A,#N/A,#N/A,#N/A
9/29/19,1.83,#N/A,#N/A,#N/A,#N/A
9/30/19,1.9,7.057,0.05,2976.74,117.9485
10/1/19,1.88,2.706,0.09,2940.25,117.9619
10/2/19,1.85,3.054,0.12,2887.61,117.9699
10/3/19,1.83,3.297,0.15,2910.63,117.6637
10/4/19,1.82,5.325,0.12,2952.01,117.531
10/5/19,1.82,#N/A,#N/A,#N/A,#N/A
10/6/19,1.82,#N/A,#N/A,#N/A,#N/A
10/7/19,1.82,5.65,0.1,2938.79,117.5553
10/8/19,1.82,3.976,0.12,2893.06,117.7419
10/9/19,1.82,1.469,0.12,2919.4,117.6853
10/10/19,1.82,1.1,0.14,2938.13,117.2822
10/11/19,1.82,2.95,0.13,2970.27,116.8261
10/12/19,1.82,#N/A,#N/A,#N/A,#N/A
10/13/19,1.82,#N/A,#N/A,#N/A,#N/A
10/14/19,1.82,.,.,2966.15,.
10/15/19,1.9,1.726,0.16,2995.68,116.8123
10/16/19,1.9,1.803,0.17,2989.69,116.6446
10/17/19,1.85,1.001,0.16,2997.95,116.2638
10/18/19,1.85,20.1,0.18,2986.2,116.137
10/19/19,1.85,#N/A,#N/A,#N/A,#N/A
10/20/19,1.85,#N/A,#N/A,#N/A,#N/A
10/21/19,1.85,18.758,0.18,3006.72,116.0462
10/22/19,1.85,20.7,0.18,2995.99,115.9874
10/23/19,1.85,18.29,0.19,3004.52,116.0602
10/24/19,1.85,0.425,0.19,3010.29,116.1287
10/25/19,1.83,0.005,0.17,3022.55,116.0779
10/26/19,1.83,#N/A,#N/A,#N/A,#N/A
10/27/19,1.83,#N/A,#N/A,#N/A,#N/A
10/28/19,1.83,0.036,0.21,3039.42,116.0231
10/29/19,1.82,0.081,0.2,3036.89,115.9812
10/30/19,1.82,0.196,0.17,3046.77,116.1654
10/31/19,1.58,2.851,0.17,3037.56,115.9144
11/1/19,1.57,2.1,0.17,3066.91,115.7331
11/2/19,1.57,#N/A,#N/A,#N/A,#N/A
11/3/19,1.57,#N/A,#N/A,#N/A,#N/A
11/4/19,1.56,3.085,0.19,3078.27,115.8642
11/5/19,1.56,1.836,0.23,3074.62,116.1145
11/6/19,1.55,1.65,0.2,3076.78,116.1009
11/7/19,1.55,1.055,0.24,3085.18,116.1167
11/8/19,1.55,0.805,0.26,3093.08,116.3428
11/9/19,1.55,#N/A,#N/A,#N/A,#N/A
11/10/19,1.55,#N/A,#N/A,#N/A,#N/A
11/11/19,1.55,.,.,3087.01,.
11/12/19,1.55,1.301,0.26,3091.84,116.5835
11/13/19,1.55,1.762,0.25,3094.04,116.8402
11/14/19,1.55,1.867,0.24,3096.63,116.8032
11/15/19,1.55,0.002,0.23,3120.46,116.441
11/16/19,1.55,#N/A,#N/A,#N/A,#N/A
11/17/19,1.55,#N/A,#N/A,#N/A,#N/A
11/18/19,1.55,27.055,0.21,3122.03,116.3645
11/19/19,1.55,26.726,0.19,3120.18,116.5414
11/20/19,1.55,26.026,0.17,3108.46,116.8309
11/21/19,1.55,25.719,0.17,3103.54,116.7461
11/22/19,1.55,0.375,0.16,3110.29,116.9157
11/23/19,1.55,#N/A,#N/A,#N/A,#N/A
11/24/19,1.55,#N/A,#N/A,#N/A,#N/A
11/25/19,1.55,0,0.15,3133.64,117.0118
11/26/19,1.55,2.205,0.16,3140.52,117.0538
11/27/19,1.55,0.506,0.14,3153.63,117.1299
11/28/19,1.55,.,.,.,.
11/29/19,1.56,0.75,0.17,3140.98,117.1231
11/30/19,1.56,#N/A,#N/A,#N/A,#N/A
12/1/19,1.56,#N/A,#N/A,#N/A,#N/A
12/2/19,1.56,0.015,0.22,3113.87,116.9686
12/3/19,1.55,0.151,0.19,3093.2,116.8941
12/4/19,1.55,0,0.19,3112.76,116.6959
12/5/19,1.55,0.001,0.22,3117.43,116.3879
12/6/19,1.55,1,0.23,3145.91,116.5409
12/7/19,1.55,#N/A,#N/A,#N/A,#N/A
12/8/19,1.55,#N/A,#N/A,#N/A,#N/A
12/9/19,1.55,0.115,0.2,3135.96,116.3311
12/10/19,1.55,0.001,0.2,3132.52,116.2573
12/11/19,1.55,0.605,0.18,3141.63,116.1508
12/12/19,1.55,0.6,0.24,3168.57,115.8766
12/13/19,1.55,0,0.21,3168.8,115.6992
12/14/19,1.55,#N/A,#N/A,#N/A,#N/A
12/15/19,1.55,#N/A,#N/A,#N/A,#N/A
12/16/19,1.56,1.328,0.24,3191.45,115.5572
12/17/19,1.55,0.826,0.26,3192.52,115.5571
12/18/19,1.55,13.362,0.29,3191.14,115.663
12/19/19,1.55,8.936,0.3,3205.37,115.6004
12/20/19,1.55,13.051,0.29,3221.22,115.7606
12/21/19,1.55,#N/A,#N/A,#N/A,#N/A
12/22/19,1.55,#N/A,#N/A,#N/A,#N/A
12/23/19,1.55,7.652,0.29,3224.01,115.8069
12/24/19,1.55,4.423,0.28,3223.38,.
12/25/19,1.55,.,.,.,.
12/26/19,1.55,3.192,0.26,3239.91,115.635
12/27/19,1.55,0.825,0.29,3240.02,115.2219
12/28/19,1.55,#N/A,#N/A,#N/A,#N/A
12/29/19,1.55,#N/A,#N/A,#N/A,#N/A
12/30/19,1.55,6.525,0.32,3221.29,114.9654
12/31/19,1.55,64.087,0.34,3230.78,114.6709
1/1/20,1.55,.,.,.,.
1/2/20,1.55,3.1,0.3,3257.85,114.9755
1/3/20,1.55,4.251,0.27,3234.85,114.9872
1/4/20,1.55,#N/A,#N/A,#N/A,#N/A
1/5/20,1.55,#N/A,#N/A,#N/A,#N/A
1/6/20,1.55,3.825,0.27,3246.28,114.9566
1/7/20,1.55,1.602,0.29,3237.18,115.1473
1/8/20,1.55,0.876,0.29,3253.05,115.1317
1/9/20,1.55,0.401,0.27,3274.7,115.2319
1/10/20,1.54,0.627,0.27,3265.35,115.0666
1/11/20,1.54,#N/A,#N/A,#N/A,#N/A
1/12/20,1.54,#N/A,#N/A,#N/A,#N/A
1/13/20,1.54,1,0.27,3288.13,115.0328
1/14/20,1.54,0.656,0.24,3283.15,115.0219
1/15/20,1.54,0.675,0.23,3289.29,114.9518
1/16/20,1.54,0.3,0.23,3316.81,114.9986
1/17/20,1.55,16.15,0.26,3329.62,115.0621
1/18/20,1.55,#N/A,#N/A,#N/A,#N/A
1/19/20,1.55,#N/A,#N/A,#N/A,#N/A
1/20/20,1.55,.,.,.,.
1/21/20,1.55,13.381,0.25,3320.79,115.1851
1/22/20,1.55,15.604,0.24,3321.75,115.2247
1/23/20,1.55,12.904,0.23,3325.54,115.5526
1/24/20,1.55,0,0.21,3295.47,115.5531
1/25/20,1.55,#N/A,#N/A,#N/A,#N/A
1/26/20,1.55,#N/A,#N/A,#N/A,#N/A
1/27/20,1.55,0.002,0.17,3243.63,115.7983
1/28/20,1.55,0.002,0.2,3276.24,115.721
1/29/20,1.55,0.3,0.18,3273.4,115.6967
1/30/20,1.6,4.14,0.16,3283.66,115.8055
1/31/20,1.59,4.5,0.18,3225.52,115.7337
2/1/20,1.59,#N/A,#N/A,#N/A,#N/A
2/2/20,1.59,#N/A,#N/A,#N/A,#N/A
2/3/20,1.59,6.16,0.18,3248.92,116.1172
2/4/20,1.59,2.112,0.2,3297.59,115.9279
2/5/20,1.59,4.112,0.22,3334.69,116.0063
2/6/20,1.59,0.403,0.21,3345.78,116.1486
2/7/20,1.58,1.1,0.18,3327.71,116.5059
2/8/20,1.58,#N/A,#N/A,#N/A,#N/A
2/9/20,1.58,#N/A,#N/A,#N/A,#N/A
2/10/20,1.58,0.83,0.19,3352.09,116.5679
2/11/20,1.58,0.228,0.18,3357.75,116.3548
2/12/20,1.58,0.309,0.18,3379.45,116.2749
2/13/20,1.58,0.45,0.17,3373.94,116.3951
2/14/20,1.58,0,0.17,3380.16,116.417
2/15/20,1.58,#N/A,#N/A,#N/A,#N/A
2/16/20,1.58,#N/A,#N/A,#N/A,#N/A
2/17/20,1.58,.,.,.,.
2/18/20,1.59,9.454,0.14,3370.29,116.5985
2/19/20,1.59,0.095,0.14,3386.15,116.7767
2/20/20,1.59,3.6,0.13,3373.23,117.2407
2/21/20,1.58,4.532,0.12,3337.75,117.0438
2/22/20,1.58,#N/A,#N/A,#N/A,#N/A
2/23/20,1.58,#N/A,#N/A,#N/A,#N/A
2/24/20,1.58,0.592,0.12,3225.89,117.4
2/25/20,1.58,0.111,0.13,3128.21,117.2406
2/26/20,1.58,2.3,0.17,3116.39,117.4042
2/27/20,1.58,0.275,0.19,2978.76,117.3688
2/28/20,1.58,2.187,0.27,2954.22,117.6588
2/29/20,1.58,#N/A,#N/A,#N/A,#N/A
3/1/20,1.58,#N/A,#N/A,#N/A,#N/A
3/2/20,1.59,2.525,0.26,3090.23,116.8165
3/3/20,1.59,0.627,0.31,3003.37,116.4973
3/4/20,1.09,5.025,0.35,3130.12,116.7807
3/5/20,1.09,0.85,0.33,3023.94,116.794
3/6/20,1.09,2.93,0.25,2972.37,116.7176
3/7/20,1.09,#N/A,#N/A,#N/A,#N/A
3/8/20,1.09,#N/A,#N/A,#N/A,#N/A
3/9/20,1.09,2.504,0.16,2746.56,117.1999
3/10/20,1.09,0.151,0.26,2882.23,117.9139
3/11/20,1.09,1.325,0.32,2741.38,118.262
3/12/20,1.1,21.05,0.38,2480.64,120.5015
3/13/20,1.1,15.1,0.45,2711.02,120.4484
3/14/20,1.1,#N/A,#N/A,#N/A,#N/A
3/15/20,1.1,#N/A,#N/A,#N/A,#N/A
3/16/20,0.25,1.425,0.37,2386.13,120.9493
3/17/20,0.25,5.7,0.55,2529.19,122.4938
3/18/20,0.25,0.477,0.64,2398.1,124.1743
3/19/20,0.2,1.195,0.68,2409.39,125.0722
3/20/20,0.15,12.203,0.55,2304.92,124.9485
3/21/20,0.15,#N/A,#N/A,#N/A,#N/A
3/22/20,0.15,#N/A,#N/A,#N/A,#N/A
3/23/20,0.15,26.944,0.48,2237.4,126.1428
3/24/20,0.12,41.516,0.46,2447.33,125.5185
3/25/20,0.1,97.411,0.54,2475.56,124.8079
3/26/20,0.1,138.48,0.53,2630.07,122.4466
3/27/20,0.1,210.794,0.47,2541.47,122.4189
3/28/20,0.1,#N/A,#N/A,#N/A,#N/A
3/29/20,0.1,#N/A,#N/A,#N/A,#N/A
3/30/20,0.09,237.497,0.47,2626.65,123.3111
3/31/20,0.08,284.908,0.47,2584.59,122.5495
4/1/20,0.06,207.828,0.39,2470.5,123.8154
4/2/20,0.05,182.627,0.4,2526.9,123.6099
4/3/20,0.05,148.117,0.39,2488.65,124.4354
4/4/20,0.05,#N/A,#N/A,#N/A,#N/A
4/5/20,0.05,#N/A,#N/A,#N/A,#N/A
4/6/20,0.05,144.294,0.4,2663.68,124.1805
4/7/20,0.05,88.36,0.47,2659.41,123.1142
4/8/20,0.05,53.483,0.5,2749.98,123.2402
4/9/20,0.05,.,0.5,2789.82,122.4932
4/10/20,0.05,.,.,.,122.176
4/11/20,0.05,#N/A,#N/A,#N/A,#N/A
4/12/20,0.05,#N/A,#N/A,#N/A,#N/A
4/13/20,0.05,6.1,0.51,2761.63,122.5387
4/14/20,0.05,9.9,0.53,2846.06,122.1315
4/15/20,0.05,3.15,0.43,2783.36,123.095
4/16/20,0.05,1.525,0.41,2799.55,123.4804
4/17/20,0.05,1.726,0.45,2874.56,122.8895
4/18/20,0.05,#N/A,#N/A,#N/A,#N/A
4/19/20,0.05,#N/A,#N/A,#N/A,#N/A
4/20/20,0.05,31,0.43,2823.16,123.1228
4/21/20,0.05,12.528,0.38,2736.56,123.9315
4/22/20,0.05,10.825,0.41,2799.31,123.9471
4/23/20,0.04,1.45,0.39,2797.8,123.777
4/24/20,0.05,1.5,0.38,2836.74,124.1851
4/25/20,0.05,#N/A,#N/A,#N/A,#N/A
4/26/20,0.05,#N/A,#N/A,#N/A,#N/A
4/27/20,0.04,16.476,0.43,2878.48,123.9092
4/28/20,0.04,7.131,0.42,2863.39,123.3922
4/29/20,0.04,1.45,0.43,2939.51,122.7994
4/30/20,0.05,1.775,0.44,2912.43,122.3493
5/1/20,0.05,0.251,0.44,2830.71,123.1753
5/2/20,0.05,#N/A,#N/A,#N/A,#N/A
5/3/20,0.05,#N/A,#N/A,#N/A,#N/A
5/4/20,0.05,4.85,0.45,2842.74,123.2345
5/5/20,0.05,1.925,0.47,2868.44,122.8223
5/6/20,0.05,1.175,0.55,2848.42,123.6306
5/7/20,0.05,0.982,0.5,2881.19,123.1454
5/8/20,0.05,0.68,0.53,2929.8,122.557
5/9/20,0.05,#N/A,#N/A,#N/A,#N/A
5/10/20,0.05,#N/A,#N/A,#N/A,#N/A
5/11/20,0.05,0.123,0.56,2930.32,123.2528
5/12/20,0.05,0.825,0.52,2870.12,123.0805
5/13/20,0.05,13.825,0.48,2820,123.5625
5/14/20,0.05,0.133,0.47,2852.5,123.6632
5/15/20,0.05,1.15,0.48,2863.7,123.6186
5/16/20,0.05,#N/A,#N/A,#N/A,#N/A
5/17/20,0.05,#N/A,#N/A,#N/A,#N/A
5/18/20,0.05,0.578,0.55,2953.91,122.8164
5/19/20,0.05,0.09,0.53,2922.94,122.5857
5/20/20,0.05,9.726,0.52,2971.61,122.1197
5/21/20,0.05,0.003,0.51,2948.51,122.1087
5/22/20,0.05,0.001,0.49,2955.45,122.3361
5/23/20,0.05,#N/A,#N/A,#N/A,#N/A
5/24/20,0.05,#N/A,#N/A,#N/A,#N/A
5/25/20,0.05,.,.,.,.
5/26/20,0.05,0.001,0.51,2991.77,121.4019
5/27/20,0.05,4.326,0.49,3036.13,121.5835
5/28/20,0.05,0,0.53,3029.73,121.0304
5/29/20,0.05,1.325,0.49,3044.31,120.9625
5/30/20,0.05,#N/A,#N/A,#N/A,#N/A
5/31/20,0.05,#N/A,#N/A,#N/A,#N/A
6/1/20,0.05,0,0.52,3055.73,120.2854
6/2/20,0.06,2.013,0.51,3080.82,119.7012
6/3/20,0.06,0.013,0.58,3122.87,119.272
6/4/20,0.06,0,0.63,3112.35,119.3199
6/5/20,0.07,0,0.69,3193.93,118.8294
6/6/20,0.07,#N/A,#N/A,#N/A,#N/A
6/7/20,0.07,#N/A,#N/A,#N/A,#N/A
6/8/20,0.07,0,0.66,3232.39,118.6782
6/9/20,0.07,1.252,0.64,3207.18,118.6067
6/10/20,0.08,0.012,0.58,3190.14,118.5413
6/11/20,0.08,0.375,0.47,3002.1,119.2552
6/12/20,0.08,0,0.52,3041.31,119.6824
6/13/20,0.08,#N/A,#N/A,#N/A,#N/A
6/14/20,0.08,#N/A,#N/A,#N/A,#N/A
6/15/20,0.09,0.003,0.52,3066.59,119.9736
6/16/20,0.09,4,0.54,3124.74,119.5848
6/17/20,0.09,0.001,0.55,3113.49,119.9289
6/18/20,0.09,0.001,0.52,3115.34,120.2371
6/19/20,0.09,0.001,0.51,3097.74,120.2372
6/20/20,0.09,#N/A,#N/A,#N/A,#N/A
6/21/20,0.09,#N/A,#N/A,#N/A,#N/A
6/22/20,0.08,0.01,0.52,3117.86,119.7728
6/23/20,0.08,0.011,0.54,3131.29,119.3492
6/24/20,0.08,0.001,0.5,3050.33,119.9955
6/25/20,0.08,0.001,0.51,3083.76,120.3206
6/26/20,0.08,0.2,0.47,3009.05,120.5543
6/27/20,0.08,#N/A,#N/A,#N/A,#N/A
6/28/20,0.08,#N/A,#N/A,#N/A,#N/A
6/29/20,0.08,0.25,0.48,3053.24,120.6879
6/30/20,0.08,0.95,0.5,3100.29,120.4864
7/1/20,0.08,0.002,0.52,3115.86,120.1019
7/2/20,0.09,.,0.52,3130.01,119.8752
7/3/20,0.09,.,.,.,.
7/4/20,0.09,#N/A,#N/A,#N/A,#N/A
7/5/20,0.09,#N/A,#N/A,#N/A,#N/A
7/6/20,0.09,0,0.53,3179.72,119.3033
7/7/20,0.09,0.003,0.49,3145.32,119.5916
7/8/20,0.09,0.001,0.51,3169.94,119.5736
7/9/20,0.09,0,0.46,3152.05,119.5324
7/10/20,0.09,0,0.49,3185.04,119.3704
7/11/20,0.09,#N/A,#N/A,#N/A,#N/A
7/12/20,0.09,#N/A,#N/A,#N/A,#N/A
7/13/20,0.09,0.001,0.48,3155.22,119.209
7/14/20,0.09,0.001,0.49,3197.52,119.4113
7/15/20,0.1,0.001,0.48,3226.56,119.0535
7/16/20,0.1,0.001,0.46,3215.57,118.9479
7/17/20,0.09,0,0.5,3224.73,119.1452
7/18/20,0.09,#N/A,#N/A,#N/A,#N/A
7/19/20,0.09,#N/A,#N/A,#N/A,#N/A
7/20/20,0.1,0.003,0.46,3251.84,119.0706
7/21/20,0.1,0,0.47,3257.3,118.4261
7/22/20,0.09,0,0.46,3276.02,118.1567
7/23/20,0.09,0,0.43,3235.66,118.0852
7/24/20,0.09,0,0.45,3215.63,118.1577
7/25/20,0.09,#N/A,#N/A,#N/A,#N/A
7/26/20,0.09,#N/A,#N/A,#N/A,#N/A
7/27/20,0.1,0,0.47,3239.41,117.4115
7/28/20,0.1,0,0.45,3218.44,117.343
7/29/20,0.1,0.001,0.46,3258.44,117.2372
7/30/20,0.1,0.307,0.44,3246.22,117.4266
7/31/20,0.1,0.15,0.44,3271.12,117.2339
8/1/20,0.1,#N/A,#N/A,#N/A,#N/A
8/2/20,0.1,#N/A,#N/A,#N/A,#N/A
8/3/20,0.1,0,0.45,3294.61,117.834
8/4/20,0.1,0.005,0.41,3306.51,117.811
8/5/20,0.1,0,0.44,3327.77,116.9013
8/6/20,0.1,0,0.44,3349.16,117.0696
8/7/20,0.1,0,0.44,3351.28,117.6506
8/8/20,0.1,#N/A,#N/A,#N/A,#N/A
8/9/20,0.1,#N/A,#N/A,#N/A,#N/A
8/10/20,0.1,0.008,0.45,3360.47,117.6089
8/11/20,0.1,0,0.48,3333.69,117.4039
8/12/20,0.1,0.103,0.53,3380.35,117.2814
8/13/20,0.1,0.126,0.55,3373.43,117.1452
8/14/20,0.1,0.001,0.57,3372.85,116.9647
8/15/20,0.1,#N/A,#N/A,#N/A,#N/A
8/16/20,0.1,#N/A,#N/A,#N/A,#N/A
8/17/20,0.1,0.054,0.55,3381.99,116.7747
8/18/20,0.09,0.002,0.53,3389.78,116.5871
8/19/20,0.09,0.112,0.54,3374.85,116.5934
8/20/20,0.09,0.15,0.52,3385.51,116.8385
8/21/20,0.09,0,0.48,3397.16,117.0814
8/22/20,0.09,#N/A,#N/A,#N/A,#N/A
8/23/20,0.09,#N/A,#N/A,#N/A,#N/A
8/24/20,0.09,0,0.51,3431.28,116.9368
8/25/20,0.09,0.012,0.54,3443.62,116.8451
8/26/20,0.09,0.009,0.53,3478.73,116.6482
8/27/20,0.08,0.002,0.58,3484.55,116.6746
8/28/20,0.09,0,0.6,3508.01,115.9636
8/29/20,0.09,#N/A,#N/A,#N/A,#N/A
8/30/20,0.09,#N/A,#N/A,#N/A,#N/A
8/31/20,0.09,0.011,0.58,3500.31,115.785
9/1/20,0.09,0.008,0.55,3526.65,115.5944
9/2/20,0.09,0.014,0.52,3580.84,116.0543
9/3/20,0.09,0,0.5,3455.06,116.0912
9/4/20,0.09,0,0.58,3426.96,116.0569
9/5/20,0.09,#N/A,#N/A,#N/A,#N/A
9/6/20,0.09,#N/A,#N/A,#N/A,#N/A
9/7/20,0.09,.,.,.,.
9/8/20,0.09,0,0.55,3331.84,116.4831
9/9/20,0.09,0.001,0.57,3398.96,116.1494
9/10/20,0.09,0.01,0.54,3339.19,115.9001
9/11/20,0.09,0,0.54,3340.97,116.1053
9/12/20,0.09,#N/A,#N/A,#N/A,#N/A
9/13/20,0.09,#N/A,#N/A,#N/A,#N/A
9/14/20,0.09,0.001,0.54,3383.54,115.6608
9/15/20,0.09,0.002,0.54,3401.2,115.6074
9/16/20,0.09,0.055,0.55,3385.49,115.3699
9/17/20,0.09,0.001,0.56,3357.01,115.4549
9/18/20,0.09,0,0.56,3319.47,115.2557
9/19/20,0.09,#N/A,#N/A,#N/A,#N/A
9/20/20,0.09,#N/A,#N/A,#N/A,#N/A
9/21/20,0.09,0.054,0.54,3281.06,116.3957
9/22/20,0.09,0,0.55,3315.57,116.5609
9/23/20,0.09,0.001,0.54,3236.92,117.2726
9/24/20,0.09,0.004,0.53,3246.59,117.5682
9/25/20,0.09,0,0.54,3298.46,117.8886
9/26/20,0.09,#N/A,#N/A,#N/A,#N/A
9/27/20,0.09,#N/A,#N/A,#N/A,#N/A
9/28/20,0.09,0,0.53,3351.6,117.6393
9/29/20,0.09,1.301,0.55,3335.47,117.5484
9/30/20,0.09,0.85,0.56,3363,116.9668
10/1/20,0.09,0.001,0.54,3380.8,116.7437
10/2/20,0.09,0,0.57,3348.44,116.7511
10/3/20,0.09,#N/A,#N/A,#N/A,#N/A
10/4/20,0.09,#N/A,#N/A,#N/A,#N/A
10/5/20,0.09,0,0.64,3408.63,116.1954
10/6/20,0.09,0,0.62,3360.95,116.2866
10/7/20,0.09,0.011,0.65,3419.45,116.3631
10/8/20,0.09,0.212,0.65,3446.83,116.1836
10/9/20,0.09,0,0.63,3477.13,115.2913
10/10/20,0.09,#N/A,#N/A,#N/A,#N/A
10/11/20,0.09,#N/A,#N/A,#N/A,#N/A
10/12/20,0.09,.,.,3534.22,.
10/13/20,0.09,0,0.58,3511.93,115.9272
10/14/20,0.09,0,0.59,3488.67,115.7033
10/15/20,0.09,0.001,0.6,3483.34,116.1111
10/16/20,0.09,0.002,0.62,3483.81,115.7815
10/17/20,0.09,#N/A,#N/A,#N/A,#N/A
10/18/20,0.09,#N/A,#N/A,#N/A,#N/A
10/19/20,0.09,0.004,0.62,3426.92,115.4171
10/20/20,0.09,0.007,0.67,3443.12,115.262
10/21/20,0.09,0,0.69,3435.56,114.9252
10/22/20,0.09,0.001,0.71,3453.49,115.13
10/23/20,0.09,0,0.67,3465.39,115.0261
10/24/20,0.09,#N/A,#N/A,#N/A,#N/A
10/25/20,0.09,#N/A,#N/A,#N/A,#N/A
10/26/20,0.09,0.001,0.65,3400.97,115.2934
10/27/20,0.09,0,0.63,3390.68,115.0267
10/28/20,0.09,0.005,0.63,3271.03,115.8157
10/29/20,0.09,0.014,0.69,3310.11,116.319
10/30/20,0.09,0.001,0.74,3269.96,116.1464
10/31/20,0.09,#N/A,#N/A,#N/A,#N/A
11/1/20,0.09,#N/A,#N/A,#N/A,#N/A
11/2/20,0.09,0,0.71,3310.24,116.2476
11/3/20,0.09,0,0.73,3369.16,115.4917
11/4/20,0.09,0,0.64,3443.44,115.178
11/5/20,0.09,0,0.65,3510.45,114.4662
11/6/20,0.09,0,0.67,3509.44,114.0021
11/7/20,0.09,#N/A,#N/A,#N/A,#N/A
11/8/20,0.09,#N/A,#N/A,#N/A,#N/A
11/9/20,0.09,0,0.79,3550.5,114.0977
11/10/20,0.09,0,0.79,3545.53,114.0836
11/11/20,0.09,.,.,3572.66,.
11/12/20,0.09,0,0.71,3537.01,114.292
11/13/20,0.09,0.003,0.72,3585.15,114.2474
11/14/20,0.09,#N/A,#N/A,#N/A,#N/A
11/15/20,0.09,#N/A,#N/A,#N/A,#N/A
11/16/20,0.09,0.013,0.72,3626.91,113.8384
11/17/20,0.09,0,0.69,3609.53,113.689
11/18/20,0.09,0,0.72,3567.79,113.4675
11/19/20,0.08,2,0.68,3581.87,113.701
11/20/20,0.08,0,0.67,3557.54,113.4958
11/21/20,0.08,#N/A,#N/A,#N/A,#N/A
11/22/20,0.08,#N/A,#N/A,#N/A,#N/A
11/23/20,0.08,0.485,0.7,3577.59,113.7617
11/24/20,0.08,0.001,0.72,3635.41,113.4394
11/25/20,0.08,0,0.71,3629.65,113.1903
11/26/20,0.08,.,.,.,.
11/27/20,0.08,0,0.68,3638.35,.
11/28/20,0.08,#N/A,#N/A,#N/A,#N/A
11/29/20,0.08,#N/A,#N/A,#N/A,#N/A
11/30/20,0.09,0.006,0.68,3621.63,113.2346
12/1/20,0.09,0.002,0.75,3662.45,112.8162
12/2/20,0.09,0.001,0.79,3669.01,112.6216
12/3/20,0.09,0,0.76,3666.72,112.0336
12/4/20,0.09,0,0.81,3699.12,111.7863
12/5/20,0.09,#N/A,#N/A,#N/A,#N/A
12/6/20,0.09,#N/A,#N/A,#N/A,#N/A
12/7/20,0.09,0.001,0.8,3691.96,111.8469
12/8/20,0.09,0.001,0.78,3702.25,111.8715
12/9/20,0.09,0.003,0.79,3672.82,112.0388
12/10/20,0.09,0.001,0.78,3668.1,111.9881
12/11/20,0.09,0,0.79,3663.46,112.1515
12/12/20,0.09,#N/A,#N/A,#N/A,#N/A
12/13/20,0.09,#N/A,#N/A,#N/A,#N/A
12/14/20,0.09,0.1,0.77,3647.49,112.182
12/15/20,0.09,0.001,0.81,3694.62,111.871
12/16/20,0.09,0.026,0.79,3701.17,111.7262
12/17/20,0.09,0.014,0.81,3722.48,111.2339
12/18/20,0.09,0.032,0.82,3709.41,111.619
12/19/20,0.09,#N/A,#N/A,#N/A,#N/A
12/20/20,0.09,#N/A,#N/A,#N/A,#N/A
12/21/20,0.09,0.435,0.82,3694.92,111.9528
12/22/20,0.09,0.406,0.8,3687.26,112.2053
12/23/20,0.09,0.857,0.83,3690.01,111.9926
12/24/20,0.09,0.01,0.81,3703.06,.
12/25/20,0.09,.,.,.,.
12/26/20,0.09,#N/A,#N/A,#N/A,#N/A
12/27/20,0.09,#N/A,#N/A,#N/A,#N/A
12/28/20,0.09,0.901,0.81,3735.36,111.9874
12/29/20,0.09,0.257,0.82,3727.04,111.5289
12/30/20,0.09,0.652,0.81,3732.04,111.3207
12/31/20,0.09,9.651,0.8,3756.07,111.3289
1/1/21,0.09,.,.,.,.
1/2/21,0.09,#N/A,#N/A,#N/A,#N/A
1/3/21,0.09,#N/A,#N/A,#N/A,#N/A
1/4/21,0.09,0.001,0.82,3700.65,111.217
1/5/21,0.09,0.005,0.83,3726.86,110.961
1/6/21,0.09,0.004,0.9,3748.14,110.8645
1/7/21,0.09,0.001,0.94,3803.79,111.3124
1/8/21,0.09,0,0.99,3824.68,111.294
1/9/21,0.09,#N/A,#N/A,#N/A,#N/A
1/10/21,0.09,#N/A,#N/A,#N/A,#N/A
1/11/21,0.09,0,1.01,3799.61,111.8309
1/12/21,0.09,0,1.01,3801.19,111.5577
1/13/21,0.09,0,0.96,3809.84,111.3738
1/14/21,0.09,0.6,0.99,3795.54,111.1718
1/15/21,0.09,0,0.98,3768.25,111.5263
1/16/21,0.09,#N/A,#N/A,#N/A,#N/A
1/17/21,0.09,#N/A,#N/A,#N/A,#N/A
1/18/21,0.09,.,.,.,.
1/19/21,0.09,0.004,0.96,3798.91,111.4656
1/20/21,0.09,1.806,0.97,3851.85,.
1/21/21,0.08,1.201,0.99,3853.07,111.2088
1/22/21,0.08,0,0.97,3841.47,111.5525
1/23/21,0.08,#N/A,#N/A,#N/A,#N/A
1/24/21,0.08,#N/A,#N/A,#N/A,#N/A
1/25/21,0.08,2.2,0.92,3855.36,111.8617
1/26/21,0.08,1.631,0.94,3849.62,111.6516
1/27/21,0.08,1.152,0.92,3750.77,112.0706
1/28/21,0.07,2.655,0.95,3787.38,111.9977
1/29/21,0.07,7.1,1,3714.24,111.9455
1/30/21,0.07,#N/A,#N/A,#N/A,#N/A
1/31/21,0.07,#N/A,#N/A,#N/A,#N/A
2/1/21,0.08,0.012,0.98,3773.86,112.4154
2/2/21,0.08,0.011,1.01,3826.31,112.2957
2/3/21,0.08,0.178,1.04,3830.17,112.2654
2/4/21,0.08,0.5,1.04,3871.74,112.7501
2/5/21,0.08,0.01,1.1,3886.83,112.2477
2/6/21,0.08,#N/A,#N/A,#N/A,#N/A
2/7/21,0.08,#N/A,#N/A,#N/A,#N/A
2/8/21,0.07,0.002,1.08,3915.59,112.0516
2/9/21,0.08,0.001,1.07,3911.23,111.7674
2/10/21,0.08,0,1.04,3909.88,111.5878
2/11/21,0.08,0.108,1.05,3916.38,111.5372
2/12/21,0.08,0.001,1.09,3934.83,111.5016
2/13/21,0.08,#N/A,#N/A,#N/A,#N/A
2/14/21,0.08,#N/A,#N/A,#N/A,#N/A
2/15/21,0.08,.,.,.,.
2/16/21,0.08,0.004,1.17,3932.59,111.7981
2/17/21,0.08,0.05,1.18,3931.33,112.0337
2/18/21,0.07,0,1.18,3913.97,112.1653
2/19/21,0.07,0.002,1.23,3906.71,111.7086
2/20/21,0.07,#N/A,#N/A,#N/A,#N/A
2/21/21,0.07,#N/A,#N/A,#N/A,#N/A
2/22/21,0.07,1.1,1.26,3876.5,111.9066
2/23/21,0.07,0.435,1.26,3881.37,111.8926
2/24/21,0.07,0.001,1.26,3925.43,111.7265
2/25/21,0.07,9.976,1.37,3829.34,111.9134
2/26/21,0.07,11.2,1.3,3811.15,112.8163
2/27/21,0.07,#N/A,#N/A,#N/A,#N/A
2/28/21,0.07,#N/A,#N/A,#N/A,#N/A
3/1/21,0.07,0,1.32,3901.82,112.5266
3/2/21,0.07,0.005,1.29,3870.29,112.5296
3/3/21,0.07,0.507,1.33,3819.72,112.7543
3/4/21,0.07,2.1,1.4,3768.47,112.7095
3/5/21,0.07,1,1.42,3841.94,113.7501
3/6/21,0.07,#N/A,#N/A,#N/A,#N/A
3/7/21,0.07,#N/A,#N/A,#N/A,#N/A
3/8/21,0.07,0.025,1.42,3821.35,114.2699
3/9/21,0.07,0,1.38,3875.44,113.9278
3/10/21,0.07,0.1,1.37,3898.81,113.5992
3/11/21,0.07,11.051,1.4,3939.34,112.9392
3/12/21,0.07,6.8,1.5,3943.34,113.0491
3/13/21,0.07,#N/A,#N/A,#N/A,#N/A
3/14/21,0.07,#N/A,#N/A,#N/A,#N/A
3/15/21,0.07,0.003,1.48,3968.94,113.2171
3/16/21,0.07,0.702,1.47,3962.71,113.0142
3/17/21,0.07,0,1.5,3974.12,113.1834
3/18/21,0.07,26.57,1.55,3915.46,112.805
3/19/21,0.07,18.908,1.58,3913.1,113.0073
3/20/21,0.07,#N/A,#N/A,#N/A,#N/A
3/21/21,0.07,#N/A,#N/A,#N/A,#N/A
3/22/21,0.07,22.242,1.54,3940.59,113.0269
3/23/21,0.07,19.526,1.48,3910.52,113.3179
3/24/21,0.07,21.902,1.48,3889.14,113.6794
3/25/21,0.07,10.1,1.49,3909.52,114.0262
3/26/21,0.07,11.45,1.53,3974.54,113.7691
3/27/21,0.07,#N/A,#N/A,#N/A,#N/A
3/28/21,0.07,#N/A,#N/A,#N/A,#N/A
3/29/21,0.07,40.354,1.59,3971.09,113.9594
3/30/21,0.07,104.725,1.57,3958.55,114.2332
3/31/21,0.06,134.307,1.58,3972.89,113.8642
4/1/21,0.07,.,1.52,4019.87,113.7803
4/2/21,0.07,.,1.53,.,113.7743
4/3/21,0.07,#N/A,#N/A,#N/A,#N/A
4/4/21,0.07,#N/A,#N/A,#N/A,#N/A
4/5/21,0.07,3.45,1.56,4077.91,113.4328
4/6/21,0.07,18.951,1.51,4073.94,113.183
4/7/21,0.07,35.035,1.52,4079.95,113.275
4/8/21,0.07,27.64,1.5,4097.17,113.1238
4/9/21,0.07,31.265,1.51,4128.8,113.2334
4/10/21,0.07,#N/A,#N/A,#N/A,#N/A
4/11/21,0.07,#N/A,#N/A,#N/A,#N/A
4/12/21,0.07,30.221,1.51,4127.99,113.2081
4/13/21,0.07,37.543,1.48,4141.59,113.0642
4/14/21,0.07,50.856,1.48,4124.66,112.8075
4/15/21,0.07,28.626,1.4,4170.42,112.6482
4/16/21,0.07,39.94,1.43,4185.47,112.5126
4/17/21,0.07,#N/A,#N/A,#N/A,#N/A
4/18/21,0.07,#N/A,#N/A,#N/A,#N/A
4/19/21,0.07,53.798,1.45,4163.26,112.2061
4/20/21,0.07,67.747,1.43,4134.94,112.2528
4/21/21,0.07,81.329,1.42,4173.42,112.196
4/22/21,0.07,102.644,1.41,4134.98,112.2543
4/23/21,0.07,73.794,1.42,4180.17,112.11
4/24/21,0.07,#N/A,#N/A,#N/A,#N/A
4/25/21,0.07,#N/A,#N/A,#N/A,#N/A
4/26/21,0.07,100.916,1.4,4187.62,111.8371
4/27/21,0.07,142.172,1.46,4186.72,111.9358
4/28/21,0.07,166.732,1.46,4183.18,111.8195
4/29/21,0.06,173.469,1.49,4211.47,111.7731
4/30/21,0.05,183.234,1.49,4181.17,112.1151
5/1/21,0.05,#N/A,#N/A,#N/A,#N/A
5/2/21,0.05,#N/A,#N/A,#N/A,#N/A
5/3/21,0.06,129.724,1.47,4192.66,112.0298
5/4/21,0.06,147.806,1.45,4164.66,112.3155
5/5/21,0.06,162.8,1.43,4167.59,112.1789
5/6/21,0.06,154.921,1.42,4201.62,111.8718
5/7/21,0.06,161.856,1.46,4232.6,111.0562
5/8/21,0.06,#N/A,#N/A,#N/A,#N/A
5/9/21,0.06,#N/A,#N/A,#N/A,#N/A
5/10/21,0.06,175.548,1.47,4188.43,110.8214
5/11/21,0.06,181.753,1.48,4152.1,110.9218
5/12/21,0.06,209.257,1.53,4063.04,111.5963
5/13/21,0.06,235.217,1.5,4112.5,111.6295
5/14/21,0.06,241.185,1.47,4173.85,111.1712
5/15/21,0.06,#N/A,#N/A,#N/A,#N/A
5/16/21,0.06,#N/A,#N/A,#N/A,#N/A
5/17/21,0.06,208.96,1.48,4163.29,111.1111
5/18/21,0.06,243.47,1.48,4127.83,110.8629
5/19/21,0.06,293.998,1.52,4115.68,110.9092
5/20/21,0.06,351.121,1.48,4159.12,110.8864
5/21/21,0.06,369.046,1.46,4155.86,111.0841
5/22/21,0.06,#N/A,#N/A,#N/A,#N/A
5/23/21,0.06,#N/A,#N/A,#N/A,#N/A
5/24/21,0.06,394.941,1.46,4197.05,110.9345
5/25/21,0.06,432.955,1.41,4188.13,110.8653
5/26/21,0.06,450.283,1.44,4195.99,110.8916
5/27/21,0.06,485.329,1.47,4200.88,110.8973
5/28/21,0.05,479.498,1.44,4204.11,110.7905
5/29/21,0.05,#N/A,#N/A,#N/A,#N/A
5/30/21,0.05,#N/A,#N/A,#N/A,#N/A
5/31/21,0.05,.,.,.,.
6/1/21,0.06,447.985,1.46,4202.04,110.5378
6/2/21,0.06,438.778,1.46,4208.12,110.616
6/3/21,0.06,479.102,1.47,4192.85,111.2199
6/4/21,0.06,483.349,1.42,4229.89,110.7899
6/5/21,0.06,#N/A,#N/A,#N/A,#N/A
6/6/21,0.06,#N/A,#N/A,#N/A,#N/A
6/7/21,0.06,486.097,1.41,4226.52,110.5559
6/8/21,0.06,497.428,1.39,4227.26,110.6914
6/9/21,0.06,502.904,1.34,4219.55,110.6149
6/10/21,0.06,534.943,1.31,4239.18,110.5895
6/11/21,0.06,547.808,1.31,4247.44,111.1327
6/12/21,0.06,#N/A,#N/A,#N/A,#N/A
6/13/21,0.06,#N/A,#N/A,#N/A,#N/A
6/14/21,0.06,583.892,1.35,4255.15,111.0083
6/15/21,0.06,509.559,1.35,4246.59,111.3845
6/16/21,0.06,520.942,1.36,4223.7,111.1528
6/17/21,0.1,755.8,1.29,4221.86,112.6104
6/18/21,0.1,747.121,1.19,4166.45,113.0684
6/19/21,0.1,#N/A,#N/A,#N/A,#N/A
6/20/21,0.1,#N/A,#N/A,#N/A,#N/A
6/21/21,0.1,765.141,1.23,4224.79,112.8643
6/22/21,0.1,791.605,1.23,4246.44,112.9452
6/23/21,0.1,813.65,1.24,4241.84,112.4198
6/24/21,0.1,813.048,1.23,4266.49,112.3723
6/25/21,0.1,770.83,1.26,4280.7,112.0183
6/26/21,0.1,#N/A,#N/A,#N/A,#N/A
6/27/21,0.1,#N/A,#N/A,#N/A,#N/A
6/28/21,0.1,803.019,1.24,4290.61,112.0757
6/29/21,0.1,841.246,1.22,4291.8,112.3115
6/30/21,0.08,991.939,1.2,4297.5,112.6067
7/1/21,0.1,742.647,1.23,4319.94,112.7911
7/2/21,0.1,731.504,1.2,4352.34,112.5964
7/3/21,0.1,#N/A,#N/A,#N/A,#N/A
7/4/21,0.1,#N/A,#N/A,#N/A,#N/A
7/5/21,0.1,.,.,.,.
7/6/21,0.1,772.581,1.15,4343.54,112.9925
7/7/21,0.1,785.72,1.11,4358.13,113.1391
7/8/21,0.1,793.399,1.11,4320.82,113.1043
7/9/21,0.1,780.596,1.14,4369.55,112.8679
7/10/21,0.1,#N/A,#N/A,#N/A,#N/A
7/11/21,0.1,#N/A,#N/A,#N/A,#N/A
7/12/21,0.1,776.472,1.15,4384.63,112.7943
7/13/21,0.1,798.267,1.16,4369.21,113.0386
7/14/21,0.1,859.975,1.14,4374.3,112.9126
7/15/21,0.1,776.261,1.08,4360.03,113.0353
7/16/21,0.1,817.566,1.06,4327.16,113.0775
7/17/21,0.1,#N/A,#N/A,#N/A,#N/A
7/18/21,0.1,#N/A,#N/A,#N/A,#N/A
7/19/21,0.1,860.468,0.98,4258.49,113.568
7/20/21,0.1,848.102,1.03,4323.06,113.7758
7/21/21,0.1,886.206,1.08,4358.69,113.4199
7/22/21,0.1,898.197,1.07,4367.48,113.4956
7/23/21,0.1,877.251,1.08,4411.79,113.472
7/24/21,0.1,#N/A,#N/A,#N/A,#N/A
7/25/21,0.1,#N/A,#N/A,#N/A,#N/A
7/26/21,0.1,891.203,1.07,4422.3,113.2498
7/27/21,0.1,927.419,1.05,4401.46,113.2446
7/28/21,0.1,965.189,1.06,4400.64,113.206
7/29/21,0.1,987.283,1.08,4419.15,112.5096
7/30/21,0.07,1039.394,1.05,4395.26,112.6979
7/31/21,0.07,#N/A,#N/A,#N/A,#N/A
8/1/21,0.07,#N/A,#N/A,#N/A,#N/A
8/2/21,0.1,921.317,1.03,4387.16,112.6922
8/3/21,0.1,909.442,1.02,4423.15,112.8405
8/4/21,0.1,931.755,1.02,4402.66,112.914
8/5/21,0.1,944.335,1.02,4429.1,112.7909
8/6/21,0.1,952.134,1.1,4436.52,113.3323
8/7/21,0.1,#N/A,#N/A,#N/A,#N/A
8/8/21,0.1,#N/A,#N/A,#N/A,#N/A
8/9/21,0.1,981.765,1.1,4432.35,113.4754
8/10/21,0.1,998.654,1.12,4436.75,113.5259
8/11/21,0.1,1000.46,1.12,4447.7,113.3137
8/12/21,0.1,1087.342,1.13,4460.83,113.3048
8/13/21,0.1,1050.941,1.06,4468,113.0913
8/14/21,0.1,#N/A,#N/A,#N/A,#N/A
8/15/21,0.1,#N/A,#N/A,#N/A,#N/A
8/16/21,0.1,1036.418,1.05,4479.71,113.1924
8/17/21,0.1,1053.454,1.03,4448.08,113.642
8/18/21,0.09,1115.656,1.04,4400.27,113.723
8/19/21,0.09,1109.938,1.02,4405.8,114.1303
8/20/21,0.09,1111.905,1.03,4441.67,114.5137
8/21/21,0.09,#N/A,#N/A,#N/A,#N/A
8/22/21,0.09,#N/A,#N/A,#N/A,#N/A
8/23/21,0.09,1135.697,1.02,4479.53,113.957
8/24/21,0.09,1129.737,1.05,4486.23,113.6984
8/25/21,0.09,1147.089,1.12,4496.19,113.6543
8/26/21,0.09,1091.792,1.09,4470,113.8091
8/27/21,0.08,1120.015,1.09,4509.37,113.3661
8/28/21,0.08,#N/A,#N/A,#N/A,#N/A
8/29/21,0.08,#N/A,#N/A,#N/A,#N/A
8/30/21,0.08,1140.711,1.09,4528.79,113.2793
8/31/21,0.06,1189.616,1.1,4522.68,113.1485
9/1/21,0.08,1084.115,1.11,4524.09,112.9137
9/2/21,0.08,1066.987,1.09,4536.95,112.8259
9/3/21,0.08,1074.707,1.12,4535.43,112.5855
9/4/21,0.08,#N/A,#N/A,#N/A,#N/A
9/5/21,0.08,#N/A,#N/A,#N/A,#N/A
9/6/21,0.08,.,.,.,.
9/7/21,0.08,1079.945,1.16,4520.03,113.0161
9/8/21,0.08,1115.229,1.13,4514.07,113.2648
9/9/21,0.08,1107.659,1.07,4493.28,113.0709
9/10/21,0.08,1099.323,1.12,4458.58,112.975
9/11/21,0.08,#N/A,#N/A,#N/A,#N/A
9/12/21,0.08,#N/A,#N/A,#N/A,#N/A
9/13/21,0.08,1087.108,1.12,4468.73,113.0678
9/14/21,0.08,1169.28,1.07,4443.05,113.0354
9/15/21,0.08,1081.342,1.1,4480.7,113.0079
9/16/21,0.08,1147.494,1.11,4473.75,113.3379
9/17/21,0.08,1218.303,1.14,4432.99,113.6335
9/18/21,0.08,#N/A,#N/A,#N/A,#N/A
9/19/21,0.08,#N/A,#N/A,#N/A,#N/A
9/20/21,0.08,1224.289,1.08,4357.73,113.9661
9/21/21,0.08,1240.494,1.11,4354.19,113.844
9/22/21,0.08,1283.281,1.07,4395.64,113.6522
9/23/21,0.08,1352.483,1.14,4448.98,113.5469
9/24/21,0.08,1313.657,1.18,4455.48,113.795
9/25/21,0.08,#N/A,#N/A,#N/A,#N/A
9/26/21,0.08,#N/A,#N/A,#N/A,#N/A
9/27/21,0.08,1297.05,1.17,4443.11,113.7791
9/28/21,0.08,1365.185,1.23,4352.63,114.2787
9/29/21,0.08,1415.84,1.25,4359.46,114.7447
9/30/21,0.06,1604.881,1.24,4307.54,114.6718
10/1/21,0.08,1385.991,1.21,4357.04,114.4094
10/2/21,0.08,#N/A,#N/A,#N/A,#N/A
10/3/21,0.08,#N/A,#N/A,#N/A,#N/A
10/4/21,0.08,1399.173,1.22,4300.46,114.2983
10/5/21,0.08,1431.18,1.26,4345.72,114.3892
10/6/21,0.08,1451.175,1.23,4363.55,114.7402
10/7/21,0.08,1375.863,1.26,4399.76,114.5291
10/8/21,0.08,1371.958,1.29,4391.34,114.6203
10/9/21,0.08,#N/A,#N/A,#N/A,#N/A
10/10/21,0.08,#N/A,#N/A,#N/A,#N/A
10/11/21,0.08,.,.,4361.19,.
10/12/21,0.08,1367.051,1.24,4350.65,114.7851
10/13/21,0.08,1364.701,1.19,4363.8,114.5015
10/14/21,0.08,1445.66,1.16,4438.26,114.2395
10/15/21,0.08,1462.297,1.18,4471.37,114.1309
10/16/21,0.08,#N/A,#N/A,#N/A,#N/A
10/17/21,0.08,#N/A,#N/A,#N/A,#N/A
10/18/21,0.08,1477.114,1.15,4486.46,114.0304
10/19/21,0.08,1470.739,1.24,4519.63,113.6874
10/20/21,0.08,1493.961,1.25,4536.19,113.5511
10/21/21,0.08,1458.605,1.23,4549.78,113.6538
10/22/21,0.08,1403.02,1.18,4544.9,113.706
10/23/21,0.08,#N/A,#N/A,#N/A,#N/A
10/24/21,0.08,#N/A,#N/A,#N/A,#N/A
10/25/21,0.08,1413.188,1.17,4566.48,113.6464
10/26/21,0.08,1423.198,1.16,4574.79,113.7197
10/27/21,0.08,1433.37,1.04,4551.68,113.6649
10/28/21,0.08,1384.684,1.07,4596.42,113.4735
10/29/21,0.07,1502.296,1.07,4605.38,114.1716
10/30/21,0.07,#N/A,#N/A,#N/A,#N/A
10/31/21,0.07,#N/A,#N/A,#N/A,#N/A
11/1/21,0.08,1358.606,1.08,4613.67,114.2349
11/2/21,0.08,1329.913,1.1,4630.65,114.3152
11/3/21,0.08,1343.985,1.13,4660.57,114.3866
11/4/21,0.08,1348.539,1.12,4680.06,114.3904
11/5/21,0.08,1354.059,1.06,4697.53,114.1159
11/6/21,0.08,#N/A,#N/A,#N/A,#N/A
11/7/21,0.08,#N/A,#N/A,#N/A,#N/A
11/8/21,0.08,1354.382,1.06,4701.7,113.8681
11/9/21,0.08,1377.197,1.05,4685.25,113.8072
11/10/21,0.08,1448.623,1.05,4646.71,114.1996
11/11/21,0.08,.,.,4649.27,.
11/12/21,0.08,1417.643,1.05,4682.85,114.5627
11/13/21,0.08,#N/A,#N/A,#N/A,#N/A
11/14/21,0.08,#N/A,#N/A,#N/A,#N/A
11/15/21,0.08,1391.657,1.1,4682.8,114.6352
11/16/21,0.08,1466.857,1.09,4700.9,115.1843
11/17/21,0.08,1520,1.08,4688.67,115.0723
11/18/21,0.08,1584.097,1.07,4704.54,115.107
11/19/21,0.08,1575.384,1.02,4697.96,115.2562
11/20/21,0.08,#N/A,#N/A,#N/A,#N/A
11/21/21,0.08,#N/A,#N/A,#N/A,#N/A
11/22/21,0.08,1573.769,1,4682.94,115.6896
11/23/21,0.08,1571.98,1.07,4690.7,116.0464
11/24/21,0.08,1452.897,1,4701.46,116.3081
11/25/21,0.08,.,.,.,.
11/26/21,0.08,1451.108,0.98,4594.62,116.5112
11/27/21,0.08,#N/A,#N/A,#N/A,#N/A
11/28/21,0.08,#N/A,#N/A,#N/A,#N/A
11/29/21,0.08,1459.339,1.01,4655.27,116.5858
11/30/21,0.07,1517.956,0.91,4567,116.2178
12/1/21,0.08,1427.347,0.87,4513.04,115.8992
12/2/21,0.08,1448.585,0.81,4577.1,116.0314
12/3/21,0.08,1475.464,0.75,4538.43,116.2445
12/4/21,0.08,#N/A,#N/A,#N/A,#N/A
12/5/21,0.08,#N/A,#N/A,#N/A,#N/A
12/6/21,0.08,1487.996,0.78,4591.67,116.1674
12/7/21,0.08,1455.038,0.78,4686.75,115.8815
12/8/21,0.08,1484.192,0.84,4701.21,115.4694
12/9/21,0.08,1500.027,0.79,4667.45,115.8058
12/10/21,0.08,1507.147,0.81,4712.02,115.5967
12/11/21,0.08,#N/A,#N/A,#N/A,#N/A
12/12/21,0.08,#N/A,#N/A,#N/A,#N/A
12/13/21,0.08,1599.768,0.76,4668.97,115.8625
12/14/21,0.08,1584.488,0.77,4634.09,116.2524
12/15/21,0.08,1621.097,0.78,4709.85,116.4299
12/16/21,0.08,1657.626,0.8,4668.67,115.7307
12/17/21,0.08,1704.586,0.75,4620.64,115.8123
12/18/21,0.08,#N/A,#N/A,#N/A,#N/A
12/19/21,0.08,#N/A,#N/A,#N/A,#N/A
12/20/21,0.08,1758.041,0.78,4568.02,116.0211
12/21/21,0.08,1748.285,0.78,4649.23,116.1256
12/22/21,0.08,1699.277,0.78,4696.56,115.7657
12/23/21,0.08,1577.78,0.79,4725.79,115.5575
12/24/21,0.08,.,.,.,.
12/25/21,0.08,#N/A,#N/A,#N/A,#N/A
12/26/21,0.08,#N/A,#N/A,#N/A,#N/A
12/27/21,0.08,1580.347,0.72,4791.19,115.4964
12/28/21,0.08,1637.064,0.75,4786.35,115.4497
12/29/21,0.08,1642.506,0.8,4793.06,115.3964
12/30/21,0.08,1696.476,0.79,4778.73,115.3163
12/31/21,0.07,1904.582,0.79,4766.18,.
1/1/22,0.07,#N/A,#N/A,#N/A,#N/A
1/2/22,0.07,#N/A,#N/A,#N/A,#N/A
1/3/22,0.08,1579.526,0.85,4796.56,115.4344